date_id,date,day,month,year,quarter,weekday
1,2020-01-01,1,1,2020,1,Wednesday
2,2020-01-02,2,1,2020,1,Thursday
3,2020-01-03,3,1,2020,1,Friday
4,2020-01-04,4,1,2020,1,Saturday
5,2020-01-05,5,1,2020,1,Sunday
6,2020-01-06,6,1,2020,1,Monday
7,2020-01-07,7,1,2020,1,Tuesday
8,2020-01-08,8,1,2020,1,Wednesday
9,2020-01-09,9,1,2020,1,Thursday
10,2020-01-10,10,1,2020,1,Friday
11,2020-01-11,11,1,2020,1,Saturday
12,2020-01-12,12,1,2020,1,Sunday
13,2020-01-13,13,1,2020,1,Monday
14,2020-01-14,14,1,2020,1,Tuesday
15,2020-01-15,15,1,2020,1,Wednesday
16,2020-01-16,16,1,2020,1,Thursday
17,2020-01-17,17,1,2020,1,Friday
18,2020-01-18,18,1,2020,1,Saturday
19,2020-01-19,19,1,2020,1,Sunday
20,2020-01-20,20,1,2020,1,Monday
21,2020-01-21,21,1,2020,1,Tuesday
22,2020-01-22,22,1,2020,1,Wednesday
23,2020-01-23,23,1,2020,1,Thursday
24,2020-01-24,24,1,2020,1,Friday
25,2020-01-25,25,1,2020,1,Saturday
26,2020-01-26,26,1,2020,1,Sunday
27,2020-01-27,27,1,2020,1,Monday
28,2020-01-28,28,1,2020,1,Tuesday
29,2020-01-29,29,1,2020,1,Wednesday
30,2020-01-30,30,1,2020,1,Thursday
31,2020-01-31,31,1,2020,1,Friday
32,2020-02-01,1,2,2020,1,Saturday
33,2020-02-02,2,2,2020,1,Sunday
34,2020-02-03,3,2,2020,1,Monday
35,2020-02-04,4,2,2020,1,Tuesday
36,2020-02-05,5,2,2020,1,Wednesday
37,2020-02-06,6,2,2020,1,Thursday
38,2020-02-07,7,2,2020,1,Friday
39,2020-02-08,8,2,2020,1,Saturday
40,2020-02-09,9,2,2020,1,Sunday
41,2020-02-10,10,2,2020,1,Monday
42,2020-02-11,11,2,2020,1,Tuesday
43,2020-02-12,12,2,2020,1,Wednesday
44,2020-02-13,13,2,2020,1,Thursday
45,2020-02-14,14,2,2020,1,Friday
46,2020-02-15,15,2,2020,1,Saturday
47,2020-02-16,16,2,2020,1,Sunday
48,2020-02-17,17,2,2020,1,Monday
49,2020-02-18,18,2,2020,1,Tuesday
50,2020-02-19,19,2,2020,1,Wednesday
51,2020-02-20,20,2,2020,1,Thursday
52,2020-02-21,21,2,2020,1,Friday
53,2020-02-22,22,2,2020,1,Saturday
54,2020-02-23,23,2,2020,1,Sunday
55,2020-02-24,24,2,2020,1,Monday
56,2020-02-25,25,2,2020,1,Tuesday
57,2020-02-26,26,2,2020,1,Wednesday
58,2020-02-27,27,2,2020,1,Thursday
59,2020-02-28,28,2,2020,1,Friday
60,2020-02-29,29,2,2020,1,Saturday
61,2020-03-01,1,3,2020,1,Sunday
62,2020-03-02,2,3,2020,1,Monday
63,2020-03-03,3,3,2020,1,Tuesday
64,2020-03-04,4,3,2020,1,Wednesday
65,2020-03-05,5,3,2020,1,Thursday
66,2020-03-06,6,3,2020,1,Friday
67,2020-03-07,7,3,2020,1,Saturday
68,2020-03-08,8,3,2020,1,Sunday
69,2020-03-09,9,3,2020,1,Monday
70,2020-03-10,10,3,2020,1,Tuesday
71,2020-03-11,11,3,2020,1,Wednesday
72,2020-03-12,12,3,2020,1,Thursday
73,2020-03-13,13,3,2020,1,Friday
74,2020-03-14,14,3,2020,1,Saturday
75,2020-03-15,15,3,2020,1,Sunday
76,2020-03-16,16,3,2020,1,Monday
77,2020-03-17,17,3,2020,1,Tuesday
78,2020-03-18,18,3,2020,1,Wednesday
79,2020-03-19,19,3,2020,1,Thursday
80,2020-03-20,20,3,2020,1,Friday
81,2020-03-21,21,3,2020,1,Saturday
82,2020-03-22,22,3,2020,1,Sunday
83,2020-03-23,23,3,2020,1,Monday
84,2020-03-24,24,3,2020,1,Tuesday
85,2020-03-25,25,3,2020,1,Wednesday
86,2020-03-26,26,3,2020,1,Thursday
87,2020-03-27,27,3,2020,1,Friday
88,2020-03-28,28,3,2020,1,Saturday
89,2020-03-29,29,3,2020,1,Sunday
90,2020-03-30,30,3,2020,1,Monday
91,2020-03-31,31,3,2020,1,Tuesday
92,2020-04-01,1,4,2020,2,Wednesday
93,2020-04-02,2,4,2020,2,Thursday
94,2020-04-03,3,4,2020,2,Friday
95,2020-04-04,4,4,2020,2,Saturday
96,2020-04-05,5,4,2020,2,Sunday
97,2020-04-06,6,4,2020,2,Monday
98,2020-04-07,7,4,2020,2,Tuesday
99,2020-04-08,8,4,2020,2,Wednesday
100,2020-04-09,9,4,2020,2,Thursday
101,2020-04-10,10,4,2020,2,Friday
102,2020-04-11,11,4,2020,2,Saturday
103,2020-04-12,12,4,2020,2,Sunday
104,2020-04-13,13,4,2020,2,Monday
105,2020-04-14,14,4,2020,2,Tuesday
106,2020-04-15,15,4,2020,2,Wednesday
107,2020-04-16,16,4,2020,2,Thursday
108,2020-04-17,17,4,2020,2,Friday
109,2020-04-18,18,4,2020,2,Saturday
110,2020-04-19,19,4,2020,2,Sunday
111,2020-04-20,20,4,2020,2,Monday
112,2020-04-21,21,4,2020,2,Tuesday
113,2020-04-22,22,4,2020,2,Wednesday
114,2020-04-23,23,4,2020,2,Thursday
115,2020-04-24,24,4,2020,2,Friday
116,2020-04-25,25,4,2020,2,Saturday
117,2020-04-26,26,4,2020,2,Sunday
118,2020-04-27,27,4,2020,2,Monday
119,2020-04-28,28,4,2020,2,Tuesday
120,2020-04-29,29,4,2020,2,Wednesday
121,2020-04-30,30,4,2020,2,Thursday
122,2020-05-01,1,5,2020,2,Friday
123,2020-05-02,2,5,2020,2,Saturday
124,2020-05-03,3,5,2020,2,Sunday
125,2020-05-04,4,5,2020,2,Monday
126,2020-05-05,5,5,2020,2,Tuesday
127,2020-05-06,6,5,2020,2,Wednesday
128,2020-05-07,7,5,2020,2,Thursday
129,2020-05-08,8,5,2020,2,Friday
130,2020-05-09,9,5,2020,2,Saturday
131,2020-05-10,10,5,2020,2,Sunday
132,2020-05-11,11,5,2020,2,Monday
133,2020-05-12,12,5,2020,2,Tuesday
134,2020-05-13,13,5,2020,2,Wednesday
135,2020-05-14,14,5,2020,2,Thursday
136,2020-05-15,15,5,2020,2,Friday
137,2020-05-16,16,5,2020,2,Saturday
138,2020-05-17,17,5,2020,2,Sunday
139,2020-05-18,18,5,2020,2,Monday
140,2020-05-19,19,5,2020,2,Tuesday
141,2020-05-20,20,5,2020,2,Wednesday
142,2020-05-21,21,5,2020,2,Thursday
143,2020-05-22,22,5,2020,2,Friday
144,2020-05-23,23,5,2020,2,Saturday
145,2020-05-24,24,5,2020,2,Sunday
146,2020-05-25,25,5,2020,2,Monday
147,2020-05-26,26,5,2020,2,Tuesday
148,2020-05-27,27,5,2020,2,Wednesday
149,2020-05-28,28,5,2020,2,Thursday
150,2020-05-29,29,5,2020,2,Friday
151,2020-05-30,30,5,2020,2,Saturday
152,2020-05-31,31,5,2020,2,Sunday
153,2020-06-01,1,6,2020,2,Monday
154,2020-06-02,2,6,2020,2,Tuesday
155,2020-06-03,3,6,2020,2,Wednesday
156,2020-06-04,4,6,2020,2,Thursday
157,2020-06-05,5,6,2020,2,Friday
158,2020-06-06,6,6,2020,2,Saturday
159,2020-06-07,7,6,2020,2,Sunday
160,2020-06-08,8,6,2020,2,Monday
161,2020-06-09,9,6,2020,2,Tuesday
162,2020-06-10,10,6,2020,2,Wednesday
163,2020-06-11,11,6,2020,2,Thursday
164,2020-06-12,12,6,2020,2,Friday
165,2020-06-13,13,6,2020,2,Saturday
166,2020-06-14,14,6,2020,2,Sunday
167,2020-06-15,15,6,2020,2,Monday
168,2020-06-16,16,6,2020,2,Tuesday
169,2020-06-17,17,6,2020,2,Wednesday
170,2020-06-18,18,6,2020,2,Thursday
171,2020-06-19,19,6,2020,2,Friday
172,2020-06-20,20,6,2020,2,Saturday
173,2020-06-21,21,6,2020,2,Sunday
174,2020-06-22,22,6,2020,2,Monday
175,2020-06-23,23,6,2020,2,Tuesday
176,2020-06-24,24,6,2020,2,Wednesday
177,2020-06-25,25,6,2020,2,Thursday
178,2020-06-26,26,6,2020,2,Friday
179,2020-06-27,27,6,2020,2,Saturday
180,2020-06-28,28,6,2020,2,Sunday
181,2020-06-29,29,6,2020,2,Monday
182,2020-06-30,30,6,2020,2,Tuesday
183,2020-07-01,1,7,2020,3,Wednesday
184,2020-07-02,2,7,2020,3,Thursday
185,2020-07-03,3,7,2020,3,Friday
186,2020-07-04,4,7,2020,3,Saturday
187,2020-07-05,5,7,2020,3,Sunday
188,2020-07-06,6,7,2020,3,Monday
189,2020-07-07,7,7,2020,3,Tuesday
190,2020-07-08,8,7,2020,3,Wednesday
191,2020-07-09,9,7,2020,3,Thursday
192,2020-07-10,10,7,2020,3,Friday
193,2020-07-11,11,7,2020,3,Saturday
194,2020-07-12,12,7,2020,3,Sunday
195,2020-07-13,13,7,2020,3,Monday
196,2020-07-14,14,7,2020,3,Tuesday
197,2020-07-15,15,7,2020,3,Wednesday
198,2020-07-16,16,7,2020,3,Thursday
199,2020-07-17,17,7,2020,3,Friday
200,2020-07-18,18,7,2020,3,Saturday
201,2020-07-19,19,7,2020,3,Sunday
202,2020-07-20,20,7,2020,3,Monday
203,2020-07-21,21,7,2020,3,Tuesday
204,2020-07-22,22,7,2020,3,Wednesday
205,2020-07-23,23,7,2020,3,Thursday
206,2020-07-24,24,7,2020,3,Friday
207,2020-07-25,25,7,2020,3,Saturday
208,2020-07-26,26,7,2020,3,Sunday
209,2020-07-27,27,7,2020,3,Monday
210,2020-07-28,28,7,2020,3,Tuesday
211,2020-07-29,29,7,2020,3,Wednesday
212,2020-07-30,30,7,2020,3,Thursday
213,2020-07-31,31,7,2020,3,Friday
214,2020-08-01,1,8,2020,3,Saturday
215,2020-08-02,2,8,2020,3,Sunday
216,2020-08-03,3,8,2020,3,Monday
217,2020-08-04,4,8,2020,3,Tuesday
218,2020-08-05,5,8,2020,3,Wednesday
219,2020-08-06,6,8,2020,3,Thursday
220,2020-08-07,7,8,2020,3,Friday
221,2020-08-08,8,8,2020,3,Saturday
222,2020-08-09,9,8,2020,3,Sunday
223,2020-08-10,10,8,2020,3,Monday
224,2020-08-11,11,8,2020,3,Tuesday
225,2020-08-12,12,8,2020,3,Wednesday
226,2020-08-13,13,8,2020,3,Thursday
227,2020-08-14,14,8,2020,3,Friday
228,2020-08-15,15,8,2020,3,Saturday
229,2020-08-16,16,8,2020,3,Sunday
230,2020-08-17,17,8,2020,3,Monday
231,2020-08-18,18,8,2020,3,Tuesday
232,2020-08-19,19,8,2020,3,Wednesday
233,2020-08-20,20,8,2020,3,Thursday
234,2020-08-21,21,8,2020,3,Friday
235,2020-08-22,22,8,2020,3,Saturday
236,2020-08-23,23,8,2020,3,Sunday
237,2020-08-24,24,8,2020,3,Monday
238,2020-08-25,25,8,2020,3,Tuesday
239,2020-08-26,26,8,2020,3,Wednesday
240,2020-08-27,27,8,2020,3,Thursday
241,2020-08-28,28,8,2020,3,Friday
242,2020-08-29,29,8,2020,3,Saturday
243,2020-08-30,30,8,2020,3,Sunday
244,2020-08-31,31,8,2020,3,Monday
245,2020-09-01,1,9,2020,3,Tuesday
246,2020-09-02,2,9,2020,3,Wednesday
247,2020-09-03,3,9,2020,3,Thursday
248,2020-09-04,4,9,2020,3,Friday
249,2020-09-05,5,9,2020,3,Saturday
250,2020-09-06,6,9,2020,3,Sunday
251,2020-09-07,7,9,2020,3,Monday
252,2020-09-08,8,9,2020,3,Tuesday
253,2020-09-09,9,9,2020,3,Wednesday
254,2020-09-10,10,9,2020,3,Thursday
255,2020-09-11,11,9,2020,3,Friday
256,2020-09-12,12,9,2020,3,Saturday
257,2020-09-13,13,9,2020,3,Sunday
258,2020-09-14,14,9,2020,3,Monday
259,2020-09-15,15,9,2020,3,Tuesday
260,2020-09-16,16,9,2020,3,Wednesday
261,2020-09-17,17,9,2020,3,Thursday
262,2020-09-18,18,9,2020,3,Friday
263,2020-09-19,19,9,2020,3,Saturday
264,2020-09-20,20,9,2020,3,Sunday
265,2020-09-21,21,9,2020,3,Monday
266,2020-09-22,22,9,2020,3,Tuesday
267,2020-09-23,23,9,2020,3,Wednesday
268,2020-09-24,24,9,2020,3,Thursday
269,2020-09-25,25,9,2020,3,Friday
270,2020-09-26,26,9,2020,3,Saturday
271,2020-09-27,27,9,2020,3,Sunday
272,2020-09-28,28,9,2020,3,Monday
273,2020-09-29,29,9,2020,3,Tuesday
274,2020-09-30,30,9,2020,3,Wednesday
275,2020-10-01,1,10,2020,4,Thursday
276,2020-10-02,2,10,2020,4,Friday
277,2020-10-03,3,10,2020,4,Saturday
278,2020-10-04,4,10,2020,4,Sunday
279,2020-10-05,5,10,2020,4,Monday
280,2020-10-06,6,10,2020,4,Tuesday
281,2020-10-07,7,10,2020,4,Wednesday
282,2020-10-08,8,10,2020,4,Thursday
283,2020-10-09,9,10,2020,4,Friday
284,2020-10-10,10,10,2020,4,Saturday
285,2020-10-11,11,10,2020,4,Sunday
286,2020-10-12,12,10,2020,4,Monday
287,2020-10-13,13,10,2020,4,Tuesday
288,2020-10-14,14,10,2020,4,Wednesday
289,2020-10-15,15,10,2020,4,Thursday
290,2020-10-16,16,10,2020,4,Friday
291,2020-10-17,17,10,2020,4,Saturday
292,2020-10-18,18,10,2020,4,Sunday
293,2020-10-19,19,10,2020,4,Monday
294,2020-10-20,20,10,2020,4,Tuesday
295,2020-10-21,21,10,2020,4,Wednesday
296,2020-10-22,22,10,2020,4,Thursday
297,2020-10-23,23,10,2020,4,Friday
298,2020-10-24,24,10,2020,4,Saturday
299,2020-10-25,25,10,2020,4,Sunday
300,2020-10-26,26,10,2020,4,Monday
301,2020-10-27,27,10,2020,4,Tuesday
302,2020-10-28,28,10,2020,4,Wednesday
303,2020-10-29,29,10,2020,4,Thursday
304,2020-10-30,30,10,2020,4,Friday
305,2020-10-31,31,10,2020,4,Saturday
306,2020-11-01,1,11,2020,4,Sunday
307,2020-11-02,2,11,2020,4,Monday
308,2020-11-03,3,11,2020,4,Tuesday
309,2020-11-04,4,11,2020,4,Wednesday
310,2020-11-05,5,11,2020,4,Thursday
311,2020-11-06,6,11,2020,4,Friday
312,2020-11-07,7,11,2020,4,Saturday
313,2020-11-08,8,11,2020,4,Sunday
314,2020-11-09,9,11,2020,4,Monday
315,2020-11-10,10,11,2020,4,Tuesday
316,2020-11-11,11,11,2020,4,Wednesday
317,2020-11-12,12,11,2020,4,Thursday
318,2020-11-13,13,11,2020,4,Friday
319,2020-11-14,14,11,2020,4,Saturday
320,2020-11-15,15,11,2020,4,Sunday
321,2020-11-16,16,11,2020,4,Monday
322,2020-11-17,17,11,2020,4,Tuesday
323,2020-11-18,18,11,2020,4,Wednesday
324,2020-11-19,19,11,2020,4,Thursday
325,2020-11-20,20,11,2020,4,Friday
326,2020-11-21,21,11,2020,4,Saturday
327,2020-11-22,22,11,2020,4,Sunday
328,2020-11-23,23,11,2020,4,Monday
329,2020-11-24,24,11,2020,4,Tuesday
330,2020-11-25,25,11,2020,4,Wednesday
331,2020-11-26,26,11,2020,4,Thursday
332,2020-11-27,27,11,2020,4,Friday
333,2020-11-28,28,11,2020,4,Saturday
334,2020-11-29,29,11,2020,4,Sunday
335,2020-11-30,30,11,2020,4,Monday
336,2020-12-01,1,12,2020,4,Tuesday
337,2020-12-02,2,12,2020,4,Wednesday
338,2020-12-03,3,12,2020,4,Thursday
339,2020-12-04,4,12,2020,4,Friday
340,2020-12-05,5,12,2020,4,Saturday
341,2020-12-06,6,12,2020,4,Sunday
342,2020-12-07,7,12,2020,4,Monday
343,2020-12-08,8,12,2020,4,Tuesday
344,2020-12-09,9,12,2020,4,Wednesday
345,2020-12-10,10,12,2020,4,Thursday
346,2020-12-11,11,12,2020,4,Friday
347,2020-12-12,12,12,2020,4,Saturday
348,2020-12-13,13,12,2020,4,Sunday
349,2020-12-14,14,12,2020,4,Monday
350,2020-12-15,15,12,2020,4,Tuesday
351,2020-12-16,16,12,2020,4,Wednesday
352,2020-12-17,17,12,2020,4,Thursday
353,2020-12-18,18,12,2020,4,Friday
354,2020-12-19,19,12,2020,4,Saturday
355,2020-12-20,20,12,2020,4,Sunday
356,2020-12-21,21,12,2020,4,Monday
357,2020-12-22,22,12,2020,4,Tuesday
358,2020-12-23,23,12,2020,4,Wednesday
359,2020-12-24,24,12,2020,4,Thursday
360,2020-12-25,25,12,2020,4,Friday
361,2020-12-26,26,12,2020,4,Saturday
362,2020-12-27,27,12,2020,4,Sunday
363,2020-12-28,28,12,2020,4,Monday
364,2020-12-29,29,12,2020,4,Tuesday
365,2020-12-30,30,12,2020,4,Wednesday
366,2020-12-31,31,12,2020,4,Thursday
367,2021-01-01,1,1,2021,1,Friday
368,2021-01-02,2,1,2021,1,Saturday
369,2021-01-03,3,1,2021,1,Sunday
370,2021-01-04,4,1,2021,1,Monday
371,2021-01-05,5,1,2021,1,Tuesday
372,2021-01-06,6,1,2021,1,Wednesday
373,2021-01-07,7,1,2021,1,Thursday
374,2021-01-08,8,1,2021,1,Friday
375,2021-01-09,9,1,2021,1,Saturday
376,2021-01-10,10,1,2021,1,Sunday
377,2021-01-11,11,1,2021,1,Monday
378,2021-01-12,12,1,2021,1,Tuesday
379,2021-01-13,13,1,2021,1,Wednesday
380,2021-01-14,14,1,2021,1,Thursday
381,2021-01-15,15,1,2021,1,Friday
382,2021-01-16,16,1,2021,1,Saturday
383,2021-01-17,17,1,2021,1,Sunday
384,2021-01-18,18,1,2021,1,Monday
385,2021-01-19,19,1,2021,1,Tuesday
386,2021-01-20,20,1,2021,1,Wednesday
387,2021-01-21,21,1,2021,1,Thursday
388,2021-01-22,22,1,2021,1,Friday
389,2021-01-23,23,1,2021,1,Saturday
390,2021-01-24,24,1,2021,1,Sunday
391,2021-01-25,25,1,2021,1,Monday
392,2021-01-26,26,1,2021,1,Tuesday
393,2021-01-27,27,1,2021,1,Wednesday
394,2021-01-28,28,1,2021,1,Thursday
395,2021-01-29,29,1,2021,1,Friday
396,2021-01-30,30,1,2021,1,Saturday
397,2021-01-31,31,1,2021,1,Sunday
398,2021-02-01,1,2,2021,1,Monday
399,2021-02-02,2,2,2021,1,Tuesday
400,2021-02-03,3,2,2021,1,Wednesday
401,2021-02-04,4,2,2021,1,Thursday
402,2021-02-05,5,2,2021,1,Friday
403,2021-02-06,6,2,2021,1,Saturday
404,2021-02-07,7,2,2021,1,Sunday
405,2021-02-08,8,2,2021,1,Monday
406,2021-02-09,9,2,2021,1,Tuesday
407,2021-02-10,10,2,2021,1,Wednesday
408,2021-02-11,11,2,2021,1,Thursday
409,2021-02-12,12,2,2021,1,Friday
410,2021-02-13,13,2,2021,1,Saturday
411,2021-02-14,14,2,2021,1,Sunday
412,2021-02-15,15,2,2021,1,Monday
413,2021-02-16,16,2,2021,1,Tuesday
414,2021-02-17,17,2,2021,1,Wednesday
415,2021-02-18,18,2,2021,1,Thursday
416,2021-02-19,19,2,2021,1,Friday
417,2021-02-20,20,2,2021,1,Saturday
418,2021-02-21,21,2,2021,1,Sunday
419,2021-02-22,22,2,2021,1,Monday
420,2021-02-23,23,2,2021,1,Tuesday
421,2021-02-24,24,2,2021,1,Wednesday
422,2021-02-25,25,2,2021,1,Thursday
423,2021-02-26,26,2,2021,1,Friday
424,2021-02-27,27,2,2021,1,Saturday
425,2021-02-28,28,2,2021,1,Sunday
426,2021-03-01,1,3,2021,1,Monday
427,2021-03-02,2,3,2021,1,Tuesday
428,2021-03-03,3,3,2021,1,Wednesday
429,2021-03-04,4,3,2021,1,Thursday
430,2021-03-05,5,3,2021,1,Friday
431,2021-03-06,6,3,2021,1,Saturday
432,2021-03-07,7,3,2021,1,Sunday
433,2021-03-08,8,3,2021,1,Monday
434,2021-03-09,9,3,2021,1,Tuesday
435,2021-03-10,10,3,2021,1,Wednesday
436,2021-03-11,11,3,2021,1,Thursday
437,2021-03-12,12,3,2021,1,Friday
438,2021-03-13,13,3,2021,1,Saturday
439,2021-03-14,14,3,2021,1,Sunday
440,2021-03-15,15,3,2021,1,Monday
441,2021-03-16,16,3,2021,1,Tuesday
442,2021-03-17,17,3,2021,1,Wednesday
443,2021-03-18,18,3,2021,1,Thursday
444,2021-03-19,19,3,2021,1,Friday
445,2021-03-20,20,3,2021,1,Saturday
446,2021-03-21,21,3,2021,1,Sunday
447,2021-03-22,22,3,2021,1,Monday
448,2021-03-23,23,3,2021,1,Tuesday
449,2021-03-24,24,3,2021,1,Wednesday
450,2021-03-25,25,3,2021,1,Thursday
451,2021-03-26,26,3,2021,1,Friday
452,2021-03-27,27,3,2021,1,Saturday
453,2021-03-28,28,3,2021,1,Sunday
454,2021-03-29,29,3,2021,1,Monday
455,2021-03-30,30,3,2021,1,Tuesday
456,2021-03-31,31,3,2021,1,Wednesday
457,2021-04-01,1,4,2021,2,Thursday
458,2021-04-02,2,4,2021,2,Friday
459,2021-04-03,3,4,2021,2,Saturday
460,2021-04-04,4,4,2021,2,Sunday
461,2021-04-05,5,4,2021,2,Monday
462,2021-04-06,6,4,2021,2,Tuesday
463,2021-04-07,7,4,2021,2,Wednesday
464,2021-04-08,8,4,2021,2,Thursday
465,2021-04-09,9,4,2021,2,Friday
466,2021-04-10,10,4,2021,2,Saturday
467,2021-04-11,11,4,2021,2,Sunday
468,2021-04-12,12,4,2021,2,Monday
469,2021-04-13,13,4,2021,2,Tuesday
470,2021-04-14,14,4,2021,2,Wednesday
471,2021-04-15,15,4,2021,2,Thursday
472,2021-04-16,16,4,2021,2,Friday
473,2021-04-17,17,4,2021,2,Saturday
474,2021-04-18,18,4,2021,2,Sunday
475,2021-04-19,19,4,2021,2,Monday
476,2021-04-20,20,4,2021,2,Tuesday
477,2021-04-21,21,4,2021,2,Wednesday
478,2021-04-22,22,4,2021,2,Thursday
479,2021-04-23,23,4,2021,2,Friday
480,2021-04-24,24,4,2021,2,Saturday
481,2021-04-25,25,4,2021,2,Sunday
482,2021-04-26,26,4,2021,2,Monday
483,2021-04-27,27,4,2021,2,Tuesday
484,2021-04-28,28,4,2021,2,Wednesday
485,2021-04-29,29,4,2021,2,Thursday
486,2021-04-30,30,4,2021,2,Friday
487,2021-05-01,1,5,2021,2,Saturday
488,2021-05-02,2,5,2021,2,Sunday
489,2021-05-03,3,5,2021,2,Monday
490,2021-05-04,4,5,2021,2,Tuesday
491,2021-05-05,5,5,2021,2,Wednesday
492,2021-05-06,6,5,2021,2,Thursday
493,2021-05-07,7,5,2021,2,Friday
494,2021-05-08,8,5,2021,2,Saturday
495,2021-05-09,9,5,2021,2,Sunday
496,2021-05-10,10,5,2021,2,Monday
497,2021-05-11,11,5,2021,2,Tuesday
498,2021-05-12,12,5,2021,2,Wednesday
499,2021-05-13,13,5,2021,2,Thursday
500,2021-05-14,14,5,2021,2,Friday
501,2021-05-15,15,5,2021,2,Saturday
502,2021-05-16,16,5,2021,2,Sunday
503,2021-05-17,17,5,2021,2,Monday
504,2021-05-18,18,5,2021,2,Tuesday
505,2021-05-19,19,5,2021,2,Wednesday
506,2021-05-20,20,5,2021,2,Thursday
507,2021-05-21,21,5,2021,2,Friday
508,2021-05-22,22,5,2021,2,Saturday
509,2021-05-23,23,5,2021,2,Sunday
510,2021-05-24,24,5,2021,2,Monday
511,2021-05-25,25,5,2021,2,Tuesday
512,2021-05-26,26,5,2021,2,Wednesday
513,2021-05-27,27,5,2021,2,Thursday
514,2021-05-28,28,5,2021,2,Friday
515,2021-05-29,29,5,2021,2,Saturday
516,2021-05-30,30,5,2021,2,Sunday
517,2021-05-31,31,5,2021,2,Monday
518,2021-06-01,1,6,2021,2,Tuesday
519,2021-06-02,2,6,2021,2,Wednesday
520,2021-06-03,3,6,2021,2,Thursday
521,2021-06-04,4,6,2021,2,Friday
522,2021-06-05,5,6,2021,2,Saturday
523,2021-06-06,6,6,2021,2,Sunday
524,2021-06-07,7,6,2021,2,Monday
525,2021-06-08,8,6,2021,2,Tuesday
526,2021-06-09,9,6,2021,2,Wednesday
527,2021-06-10,10,6,2021,2,Thursday
528,2021-06-11,11,6,2021,2,Friday
529,2021-06-12,12,6,2021,2,Saturday
530,2021-06-13,13,6,2021,2,Sunday
531,2021-06-14,14,6,2021,2,Monday
532,2021-06-15,15,6,2021,2,Tuesday
533,2021-06-16,16,6,2021,2,Wednesday
534,2021-06-17,17,6,2021,2,Thursday
535,2021-06-18,18,6,2021,2,Friday
536,2021-06-19,19,6,2021,2,Saturday
537,2021-06-20,20,6,2021,2,Sunday
538,2021-06-21,21,6,2021,2,Monday
539,2021-06-22,22,6,2021,2,Tuesday
540,2021-06-23,23,6,2021,2,Wednesday
541,2021-06-24,24,6,2021,2,Thursday
542,2021-06-25,25,6,2021,2,Friday
543,2021-06-26,26,6,2021,2,Saturday
544,2021-06-27,27,6,2021,2,Sunday
545,2021-06-28,28,6,2021,2,Monday
546,2021-06-29,29,6,2021,2,Tuesday
547,2021-06-30,30,6,2021,2,Wednesday
548,2021-07-01,1,7,2021,3,Thursday
549,2021-07-02,2,7,2021,3,Friday
550,2021-07-03,3,7,2021,3,Saturday
551,2021-07-04,4,7,2021,3,Sunday
552,2021-07-05,5,7,2021,3,Monday
553,2021-07-06,6,7,2021,3,Tuesday
554,2021-07-07,7,7,2021,3,Wednesday
555,2021-07-08,8,7,2021,3,Thursday
556,2021-07-09,9,7,2021,3,Friday
557,2021-07-10,10,7,2021,3,Saturday
558,2021-07-11,11,7,2021,3,Sunday
559,2021-07-12,12,7,2021,3,Monday
560,2021-07-13,13,7,2021,3,Tuesday
561,2021-07-14,14,7,2021,3,Wednesday
562,2021-07-15,15,7,2021,3,Thursday
563,2021-07-16,16,7,2021,3,Friday
564,2021-07-17,17,7,2021,3,Saturday
565,2021-07-18,18,7,2021,3,Sunday
566,2021-07-19,19,7,2021,3,Monday
567,2021-07-20,20,7,2021,3,Tuesday
568,2021-07-21,21,7,2021,3,Wednesday
569,2021-07-22,22,7,2021,3,Thursday
570,2021-07-23,23,7,2021,3,Friday
571,2021-07-24,24,7,2021,3,Saturday
572,2021-07-25,25,7,2021,3,Sunday
573,2021-07-26,26,7,2021,3,Monday
574,2021-07-27,27,7,2021,3,Tuesday
575,2021-07-28,28,7,2021,3,Wednesday
576,2021-07-29,29,7,2021,3,Thursday
577,2021-07-30,30,7,2021,3,Friday
578,2021-07-31,31,7,2021,3,Saturday
579,2021-08-01,1,8,2021,3,Sunday
580,2021-08-02,2,8,2021,3,Monday
581,2021-08-03,3,8,2021,3,Tuesday
582,2021-08-04,4,8,2021,3,Wednesday
583,2021-08-05,5,8,2021,3,Thursday
584,2021-08-06,6,8,2021,3,Friday
585,2021-08-07,7,8,2021,3,Saturday
586,2021-08-08,8,8,2021,3,Sunday
587,2021-08-09,9,8,2021,3,Monday
588,2021-08-10,10,8,2021,3,Tuesday
589,2021-08-11,11,8,2021,3,Wednesday
590,2021-08-12,12,8,2021,3,Thursday
591,2021-08-13,13,8,2021,3,Friday
592,2021-08-14,14,8,2021,3,Saturday
593,2021-08-15,15,8,2021,3,Sunday
594,2021-08-16,16,8,2021,3,Monday
595,2021-08-17,17,8,2021,3,Tuesday
596,2021-08-18,18,8,2021,3,Wednesday
597,2021-08-19,19,8,2021,3,Thursday
598,2021-08-20,20,8,2021,3,Friday
599,2021-08-21,21,8,2021,3,Saturday
600,2021-08-22,22,8,2021,3,Sunday
601,2021-08-23,23,8,2021,3,Monday
602,2021-08-24,24,8,2021,3,Tuesday
603,2021-08-25,25,8,2021,3,Wednesday
604,2021-08-26,26,8,2021,3,Thursday
605,2021-08-27,27,8,2021,3,Friday
606,2021-08-28,28,8,2021,3,Saturday
607,2021-08-29,29,8,2021,3,Sunday
608,2021-08-30,30,8,2021,3,Monday
609,2021-08-31,31,8,2021,3,Tuesday
610,2021-09-01,1,9,2021,3,Wednesday
611,2021-09-02,2,9,2021,3,Thursday
612,2021-09-03,3,9,2021,3,Friday
613,2021-09-04,4,9,2021,3,Saturday
614,2021-09-05,5,9,2021,3,Sunday
615,2021-09-06,6,9,2021,3,Monday
616,2021-09-07,7,9,2021,3,Tuesday
617,2021-09-08,8,9,2021,3,Wednesday
618,2021-09-09,9,9,2021,3,Thursday
619,2021-09-10,10,9,2021,3,Friday
620,2021-09-11,11,9,2021,3,Saturday
621,2021-09-12,12,9,2021,3,Sunday
622,2021-09-13,13,9,2021,3,Monday
623,2021-09-14,14,9,2021,3,Tuesday
624,2021-09-15,15,9,2021,3,Wednesday
625,2021-09-16,16,9,2021,3,Thursday
626,2021-09-17,17,9,2021,3,Friday
627,2021-09-18,18,9,2021,3,Saturday
628,2021-09-19,19,9,2021,3,Sunday
629,2021-09-20,20,9,2021,3,Monday
630,2021-09-21,21,9,2021,3,Tuesday
631,2021-09-22,22,9,2021,3,Wednesday
632,2021-09-23,23,9,2021,3,Thursday
633,2021-09-24,24,9,2021,3,Friday
634,2021-09-25,25,9,2021,3,Saturday
635,2021-09-26,26,9,2021,3,Sunday
636,2021-09-27,27,9,2021,3,Monday
637,2021-09-28,28,9,2021,3,Tuesday
638,2021-09-29,29,9,2021,3,Wednesday
639,2021-09-30,30,9,2021,3,Thursday
640,2021-10-01,1,10,2021,4,Friday
641,2021-10-02,2,10,2021,4,Saturday
642,2021-10-03,3,10,2021,4,Sunday
643,2021-10-04,4,10,2021,4,Monday
644,2021-10-05,5,10,2021,4,Tuesday
645,2021-10-06,6,10,2021,4,Wednesday
646,2021-10-07,7,10,2021,4,Thursday
647,2021-10-08,8,10,2021,4,Friday
648,2021-10-09,9,10,2021,4,Saturday
649,2021-10-10,10,10,2021,4,Sunday
650,2021-10-11,11,10,2021,4,Monday
651,2021-10-12,12,10,2021,4,Tuesday
652,2021-10-13,13,10,2021,4,Wednesday
653,2021-10-14,14,10,2021,4,Thursday
654,2021-10-15,15,10,2021,4,Friday
655,2021-10-16,16,10,2021,4,Saturday
656,2021-10-17,17,10,2021,4,Sunday
657,2021-10-18,18,10,2021,4,Monday
658,2021-10-19,19,10,2021,4,Tuesday
659,2021-10-20,20,10,2021,4,Wednesday
660,2021-10-21,21,10,2021,4,Thursday
661,2021-10-22,22,10,2021,4,Friday
662,2021-10-23,23,10,2021,4,Saturday
663,2021-10-24,24,10,2021,4,Sunday
664,2021-10-25,25,10,2021,4,Monday
665,2021-10-26,26,10,2021,4,Tuesday
666,2021-10-27,27,10,2021,4,Wednesday
667,2021-10-28,28,10,2021,4,Thursday
668,2021-10-29,29,10,2021,4,Friday
669,2021-10-30,30,10,2021,4,Saturday
670,2021-10-31,31,10,2021,4,Sunday
671,2021-11-01,1,11,2021,4,Monday
672,2021-11-02,2,11,2021,4,Tuesday
673,2021-11-03,3,11,2021,4,Wednesday
674,2021-11-04,4,11,2021,4,Thursday
675,2021-11-05,5,11,2021,4,Friday
676,2021-11-06,6,11,2021,4,Saturday
677,2021-11-07,7,11,2021,4,Sunday
678,2021-11-08,8,11,2021,4,Monday
679,2021-11-09,9,11,2021,4,Tuesday
680,2021-11-10,10,11,2021,4,Wednesday
681,2021-11-11,11,11,2021,4,Thursday
682,2021-11-12,12,11,2021,4,Friday
683,2021-11-13,13,11,2021,4,Saturday
684,2021-11-14,14,11,2021,4,Sunday
685,2021-11-15,15,11,2021,4,Monday
686,2021-11-16,16,11,2021,4,Tuesday
687,2021-11-17,17,11,2021,4,Wednesday
688,2021-11-18,18,11,2021,4,Thursday
689,2021-11-19,19,11,2021,4,Friday
690,2021-11-20,20,11,2021,4,Saturday
691,2021-11-21,21,11,2021,4,Sunday
692,2021-11-22,22,11,2021,4,Monday
693,2021-11-23,23,11,2021,4,Tuesday
694,2021-11-24,24,11,2021,4,Wednesday
695,2021-11-25,25,11,2021,4,Thursday
696,2021-11-26,26,11,2021,4,Friday
697,2021-11-27,27,11,2021,4,Saturday
698,2021-11-28,28,11,2021,4,Sunday
699,2021-11-29,29,11,2021,4,Monday
700,2021-11-30,30,11,2021,4,Tuesday
701,2021-12-01,1,12,2021,4,Wednesday
702,2021-12-02,2,12,2021,4,Thursday
703,2021-12-03,3,12,2021,4,Friday
704,2021-12-04,4,12,2021,4,Saturday
705,2021-12-05,5,12,2021,4,Sunday
706,2021-12-06,6,12,2021,4,Monday
707,2021-12-07,7,12,2021,4,Tuesday
708,2021-12-08,8,12,2021,4,Wednesday
709,2021-12-09,9,12,2021,4,Thursday
710,2021-12-10,10,12,2021,4,Friday
711,2021-12-11,11,12,2021,4,Saturday
712,2021-12-12,12,12,2021,4,Sunday
713,2021-12-13,13,12,2021,4,Monday
714,2021-12-14,14,12,2021,4,Tuesday
715,2021-12-15,15,12,2021,4,Wednesday
716,2021-12-16,16,12,2021,4,Thursday
717,2021-12-17,17,12,2021,4,Friday
718,2021-12-18,18,12,2021,4,Saturday
719,2021-12-19,19,12,2021,4,Sunday
720,2021-12-20,20,12,2021,4,Monday
721,2021-12-21,21,12,2021,4,Tuesday
722,2021-12-22,22,12,2021,4,Wednesday
723,2021-12-23,23,12,2021,4,Thursday
724,2021-12-24,24,12,2021,4,Friday
725,2021-12-25,25,12,2021,4,Saturday
726,2021-12-26,26,12,2021,4,Sunday
727,2021-12-27,27,12,2021,4,Monday
728,2021-12-28,28,12,2021,4,Tuesday
729,2021-12-29,29,12,2021,4,Wednesday
730,2021-12-30,30,12,2021,4,Thursday
731,2021-12-31,31,12,2021,4,Friday
732,2022-01-01,1,1,2022,1,Saturday
733,2022-01-02,2,1,2022,1,Sunday
734,2022-01-03,3,1,2022,1,Monday
735,2022-01-04,4,1,2022,1,Tuesday
736,2022-01-05,5,1,2022,1,Wednesday
737,2022-01-06,6,1,2022,1,Thursday
738,2022-01-07,7,1,2022,1,Friday
739,2022-01-08,8,1,2022,1,Saturday
740,2022-01-09,9,1,2022,1,Sunday
741,2022-01-10,10,1,2022,1,Monday
742,2022-01-11,11,1,2022,1,Tuesday
743,2022-01-12,12,1,2022,1,Wednesday
744,2022-01-13,13,1,2022,1,Thursday
745,2022-01-14,14,1,2022,1,Friday
746,2022-01-15,15,1,2022,1,Saturday
747,2022-01-16,16,1,2022,1,Sunday
748,2022-01-17,17,1,2022,1,Monday
749,2022-01-18,18,1,2022,1,Tuesday
750,2022-01-19,19,1,2022,1,Wednesday
751,2022-01-20,20,1,2022,1,Thursday
752,2022-01-21,21,1,2022,1,Friday
753,2022-01-22,22,1,2022,1,Saturday
754,2022-01-23,23,1,2022,1,Sunday
755,2022-01-24,24,1,2022,1,Monday
756,2022-01-25,25,1,2022,1,Tuesday
757,2022-01-26,26,1,2022,1,Wednesday
758,2022-01-27,27,1,2022,1,Thursday
759,2022-01-28,28,1,2022,1,Friday
760,2022-01-29,29,1,2022,1,Saturday
761,2022-01-30,30,1,2022,1,Sunday
762,2022-01-31,31,1,2022,1,Monday
763,2022-02-01,1,2,2022,1,Tuesday
764,2022-02-02,2,2,2022,1,Wednesday
765,2022-02-03,3,2,2022,1,Thursday
766,2022-02-04,4,2,2022,1,Friday
767,2022-02-05,5,2,2022,1,Saturday
768,2022-02-06,6,2,2022,1,Sunday
769,2022-02-07,7,2,2022,1,Monday
770,2022-02-08,8,2,2022,1,Tuesday
771,2022-02-09,9,2,2022,1,Wednesday
772,2022-02-10,10,2,2022,1,Thursday
773,2022-02-11,11,2,2022,1,Friday
774,2022-02-12,12,2,2022,1,Saturday
775,2022-02-13,13,2,2022,1,Sunday
776,2022-02-14,14,2,2022,1,Monday
777,2022-02-15,15,2,2022,1,Tuesday
778,2022-02-16,16,2,2022,1,Wednesday
779,2022-02-17,17,2,2022,1,Thursday
780,2022-02-18,18,2,2022,1,Friday
781,2022-02-19,19,2,2022,1,Saturday
782,2022-02-20,20,2,2022,1,Sunday
783,2022-02-21,21,2,2022,1,Monday
784,2022-02-22,22,2,2022,1,Tuesday
785,2022-02-23,23,2,2022,1,Wednesday
786,2022-02-24,24,2,2022,1,Thursday
787,2022-02-25,25,2,2022,1,Friday
788,2022-02-26,26,2,2022,1,Saturday
789,2022-02-27,27,2,2022,1,Sunday
790,2022-02-28,28,2,2022,1,Monday
791,2022-03-01,1,3,2022,1,Tuesday
792,2022-03-02,2,3,2022,1,Wednesday
793,2022-03-03,3,3,2022,1,Thursday
794,2022-03-04,4,3,2022,1,Friday
795,2022-03-05,5,3,2022,1,Saturday
796,2022-03-06,6,3,2022,1,Sunday
797,2022-03-07,7,3,2022,1,Monday
798,2022-03-08,8,3,2022,1,Tuesday
799,2022-03-09,9,3,2022,1,Wednesday
800,2022-03-10,10,3,2022,1,Thursday
801,2022-03-11,11,3,2022,1,Friday
802,2022-03-12,12,3,2022,1,Saturday
803,2022-03-13,13,3,2022,1,Sunday
804,2022-03-14,14,3,2022,1,Monday
805,2022-03-15,15,3,2022,1,Tuesday
806,2022-03-16,16,3,2022,1,Wednesday
807,2022-03-17,17,3,2022,1,Thursday
808,2022-03-18,18,3,2022,1,Friday
809,2022-03-19,19,3,2022,1,Saturday
810,2022-03-20,20,3,2022,1,Sunday
811,2022-03-21,21,3,2022,1,Monday
812,2022-03-22,22,3,2022,1,Tuesday
813,2022-03-23,23,3,2022,1,Wednesday
814,2022-03-24,24,3,2022,1,Thursday
815,2022-03-25,25,3,2022,1,Friday
816,2022-03-26,26,3,2022,1,Saturday
817,2022-03-27,27,3,2022,1,Sunday
818,2022-03-28,28,3,2022,1,Monday
819,2022-03-29,29,3,2022,1,Tuesday
820,2022-03-30,30,3,2022,1,Wednesday
821,2022-03-31,31,3,2022,1,Thursday
822,2022-04-01,1,4,2022,2,Friday
823,2022-04-02,2,4,2022,2,Saturday
824,2022-04-03,3,4,2022,2,Sunday
825,2022-04-04,4,4,2022,2,Monday
826,2022-04-05,5,4,2022,2,Tuesday
827,2022-04-06,6,4,2022,2,Wednesday
828,2022-04-07,7,4,2022,2,Thursday
829,2022-04-08,8,4,2022,2,Friday
830,2022-04-09,9,4,2022,2,Saturday
831,2022-04-10,10,4,2022,2,Sunday
832,2022-04-11,11,4,2022,2,Monday
833,2022-04-12,12,4,2022,2,Tuesday
834,2022-04-13,13,4,2022,2,Wednesday
835,2022-04-14,14,4,2022,2,Thursday
836,2022-04-15,15,4,2022,2,Friday
837,2022-04-16,16,4,2022,2,Saturday
838,2022-04-17,17,4,2022,2,Sunday
839,2022-04-18,18,4,2022,2,Monday
840,2022-04-19,19,4,2022,2,Tuesday
841,2022-04-20,20,4,2022,2,Wednesday
842,2022-04-21,21,4,2022,2,Thursday
843,2022-04-22,22,4,2022,2,Friday
844,2022-04-23,23,4,2022,2,Saturday
845,2022-04-24,24,4,2022,2,Sunday
846,2022-04-25,25,4,2022,2,Monday
847,2022-04-26,26,4,2022,2,Tuesday
848,2022-04-27,27,4,2022,2,Wednesday
849,2022-04-28,28,4,2022,2,Thursday
850,2022-04-29,29,4,2022,2,Friday
851,2022-04-30,30,4,2022,2,Saturday
852,2022-05-01,1,5,2022,2,Sunday
853,2022-05-02,2,5,2022,2,Monday
854,2022-05-03,3,5,2022,2,Tuesday
855,2022-05-04,4,5,2022,2,Wednesday
856,2022-05-05,5,5,2022,2,Thursday
857,2022-05-06,6,5,2022,2,Friday
858,2022-05-07,7,5,2022,2,Saturday
859,2022-05-08,8,5,2022,2,Sunday
860,2022-05-09,9,5,2022,2,Monday
861,2022-05-10,10,5,2022,2,Tuesday
862,2022-05-11,11,5,2022,2,Wednesday
863,2022-05-12,12,5,2022,2,Thursday
864,2022-05-13,13,5,2022,2,Friday
865,2022-05-14,14,5,2022,2,Saturday
866,2022-05-15,15,5,2022,2,Sunday
867,2022-05-16,16,5,2022,2,Monday
868,2022-05-17,17,5,2022,2,Tuesday
869,2022-05-18,18,5,2022,2,Wednesday
870,2022-05-19,19,5,2022,2,Thursday
871,2022-05-20,20,5,2022,2,Friday
872,2022-05-21,21,5,2022,2,Saturday
873,2022-05-22,22,5,2022,2,Sunday
874,2022-05-23,23,5,2022,2,Monday
875,2022-05-24,24,5,2022,2,Tuesday
876,2022-05-25,25,5,2022,2,Wednesday
877,2022-05-26,26,5,2022,2,Thursday
878,2022-05-27,27,5,2022,2,Friday
879,2022-05-28,28,5,2022,2,Saturday
880,2022-05-29,29,5,2022,2,Sunday
881,2022-05-30,30,5,2022,2,Monday
882,2022-05-31,31,5,2022,2,Tuesday
883,2022-06-01,1,6,2022,2,Wednesday
884,2022-06-02,2,6,2022,2,Thursday
885,2022-06-03,3,6,2022,2,Friday
886,2022-06-04,4,6,2022,2,Saturday
887,2022-06-05,5,6,2022,2,Sunday
888,2022-06-06,6,6,2022,2,Monday
889,2022-06-07,7,6,2022,2,Tuesday
890,2022-06-08,8,6,2022,2,Wednesday
891,2022-06-09,9,6,2022,2,Thursday
892,2022-06-10,10,6,2022,2,Friday
893,2022-06-11,11,6,2022,2,Saturday
894,2022-06-12,12,6,2022,2,Sunday
895,2022-06-13,13,6,2022,2,Monday
896,2022-06-14,14,6,2022,2,Tuesday
897,2022-06-15,15,6,2022,2,Wednesday
898,2022-06-16,16,6,2022,2,Thursday
899,2022-06-17,17,6,2022,2,Friday
900,2022-06-18,18,6,2022,2,Saturday
901,2022-06-19,19,6,2022,2,Sunday
902,2022-06-20,20,6,2022,2,Monday
903,2022-06-21,21,6,2022,2,Tuesday
904,2022-06-22,22,6,2022,2,Wednesday
905,2022-06-23,23,6,2022,2,Thursday
906,2022-06-24,24,6,2022,2,Friday
907,2022-06-25,25,6,2022,2,Saturday
908,2022-06-26,26,6,2022,2,Sunday
909,2022-06-27,27,6,2022,2,Monday
910,2022-06-28,28,6,2022,2,Tuesday
911,2022-06-29,29,6,2022,2,Wednesday
912,2022-06-30,30,6,2022,2,Thursday
913,2022-07-01,1,7,2022,3,Friday
914,2022-07-02,2,7,2022,3,Saturday
915,2022-07-03,3,7,2022,3,Sunday
916,2022-07-04,4,7,2022,3,Monday
917,2022-07-05,5,7,2022,3,Tuesday
918,2022-07-06,6,7,2022,3,Wednesday
919,2022-07-07,7,7,2022,3,Thursday
920,2022-07-08,8,7,2022,3,Friday
921,2022-07-09,9,7,2022,3,Saturday
922,2022-07-10,10,7,2022,3,Sunday
923,2022-07-11,11,7,2022,3,Monday
924,2022-07-12,12,7,2022,3,Tuesday
925,2022-07-13,13,7,2022,3,Wednesday
926,2022-07-14,14,7,2022,3,Thursday
927,2022-07-15,15,7,2022,3,Friday
928,2022-07-16,16,7,2022,3,Saturday
929,2022-07-17,17,7,2022,3,Sunday
930,2022-07-18,18,7,2022,3,Monday
931,2022-07-19,19,7,2022,3,Tuesday
932,2022-07-20,20,7,2022,3,Wednesday
933,2022-07-21,21,7,2022,3,Thursday
934,2022-07-22,22,7,2022,3,Friday
935,2022-07-23,23,7,2022,3,Saturday
936,2022-07-24,24,7,2022,3,Sunday
937,2022-07-25,25,7,2022,3,Monday
938,2022-07-26,26,7,2022,3,Tuesday
939,2022-07-27,27,7,2022,3,Wednesday
940,2022-07-28,28,7,2022,3,Thursday
941,2022-07-29,29,7,2022,3,Friday
942,2022-07-30,30,7,2022,3,Saturday
943,2022-07-31,31,7,2022,3,Sunday
944,2022-08-01,1,8,2022,3,Monday
945,2022-08-02,2,8,2022,3,Tuesday
946,2022-08-03,3,8,2022,3,Wednesday
947,2022-08-04,4,8,2022,3,Thursday
948,2022-08-05,5,8,2022,3,Friday
949,2022-08-06,6,8,2022,3,Saturday
950,2022-08-07,7,8,2022,3,Sunday
951,2022-08-08,8,8,2022,3,Monday
952,2022-08-09,9,8,2022,3,Tuesday
953,2022-08-10,10,8,2022,3,Wednesday
954,2022-08-11,11,8,2022,3,Thursday
955,2022-08-12,12,8,2022,3,Friday
956,2022-08-13,13,8,2022,3,Saturday
957,2022-08-14,14,8,2022,3,Sunday
958,2022-08-15,15,8,2022,3,Monday
959,2022-08-16,16,8,2022,3,Tuesday
960,2022-08-17,17,8,2022,3,Wednesday
961,2022-08-18,18,8,2022,3,Thursday
962,2022-08-19,19,8,2022,3,Friday
963,2022-08-20,20,8,2022,3,Saturday
964,2022-08-21,21,8,2022,3,Sunday
965,2022-08-22,22,8,2022,3,Monday
966,2022-08-23,23,8,2022,3,Tuesday
967,2022-08-24,24,8,2022,3,Wednesday
968,2022-08-25,25,8,2022,3,Thursday
969,2022-08-26,26,8,2022,3,Friday
970,2022-08-27,27,8,2022,3,Saturday
971,2022-08-28,28,8,2022,3,Sunday
972,2022-08-29,29,8,2022,3,Monday
973,2022-08-30,30,8,2022,3,Tuesday
974,2022-08-31,31,8,2022,3,Wednesday
975,2022-09-01,1,9,2022,3,Thursday
976,2022-09-02,2,9,2022,3,Friday
977,2022-09-03,3,9,2022,3,Saturday
978,2022-09-04,4,9,2022,3,Sunday
979,2022-09-05,5,9,2022,3,Monday
980,2022-09-06,6,9,2022,3,Tuesday
981,2022-09-07,7,9,2022,3,Wednesday
982,2022-09-08,8,9,2022,3,Thursday
983,2022-09-09,9,9,2022,3,Friday
984,2022-09-10,10,9,2022,3,Saturday
985,2022-09-11,11,9,2022,3,Sunday
986,2022-09-12,12,9,2022,3,Monday
987,2022-09-13,13,9,2022,3,Tuesday
988,2022-09-14,14,9,2022,3,Wednesday
989,2022-09-15,15,9,2022,3,Thursday
990,2022-09-16,16,9,2022,3,Friday
991,2022-09-17,17,9,2022,3,Saturday
992,2022-09-18,18,9,2022,3,Sunday
993,2022-09-19,19,9,2022,3,Monday
994,2022-09-20,20,9,2022,3,Tuesday
995,2022-09-21,21,9,2022,3,Wednesday
996,2022-09-22,22,9,2022,3,Thursday
997,2022-09-23,23,9,2022,3,Friday
998,2022-09-24,24,9,2022,3,Saturday
999,2022-09-25,25,9,2022,3,Sunday
1000,2022-09-26,26,9,2022,3,Monday
1001,2022-09-27,27,9,2022,3,Tuesday
1002,2022-09-28,28,9,2022,3,Wednesday
1003,2022-09-29,29,9,2022,3,Thursday
1004,2022-09-30,30,9,2022,3,Friday
1005,2022-10-01,1,10,2022,4,Saturday
1006,2022-10-02,2,10,2022,4,Sunday
1007,2022-10-03,3,10,2022,4,Monday
1008,2022-10-04,4,10,2022,4,Tuesday
1009,2022-10-05,5,10,2022,4,Wednesday
1010,2022-10-06,6,10,2022,4,Thursday
1011,2022-10-07,7,10,2022,4,Friday
1012,2022-10-08,8,10,2022,4,Saturday
1013,2022-10-09,9,10,2022,4,Sunday
1014,2022-10-10,10,10,2022,4,Monday
1015,2022-10-11,11,10,2022,4,Tuesday
1016,2022-10-12,12,10,2022,4,Wednesday
1017,2022-10-13,13,10,2022,4,Thursday
1018,2022-10-14,14,10,2022,4,Friday
1019,2022-10-15,15,10,2022,4,Saturday
1020,2022-10-16,16,10,2022,4,Sunday
1021,2022-10-17,17,10,2022,4,Monday
1022,2022-10-18,18,10,2022,4,Tuesday
1023,2022-10-19,19,10,2022,4,Wednesday
1024,2022-10-20,20,10,2022,4,Thursday
1025,2022-10-21,21,10,2022,4,Friday
1026,2022-10-22,22,10,2022,4,Saturday
1027,2022-10-23,23,10,2022,4,Sunday
1028,2022-10-24,24,10,2022,4,Monday
1029,2022-10-25,25,10,2022,4,Tuesday
1030,2022-10-26,26,10,2022,4,Wednesday
1031,2022-10-27,27,10,2022,4,Thursday
1032,2022-10-28,28,10,2022,4,Friday
1033,2022-10-29,29,10,2022,4,Saturday
1034,2022-10-30,30,10,2022,4,Sunday
1035,2022-10-31,31,10,2022,4,Monday
1036,2022-11-01,1,11,2022,4,Tuesday
1037,2022-11-02,2,11,2022,4,Wednesday
1038,2022-11-03,3,11,2022,4,Thursday
1039,2022-11-04,4,11,2022,4,Friday
1040,2022-11-05,5,11,2022,4,Saturday
1041,2022-11-06,6,11,2022,4,Sunday
1042,2022-11-07,7,11,2022,4,Monday
1043,2022-11-08,8,11,2022,4,Tuesday
1044,2022-11-09,9,11,2022,4,Wednesday
1045,2022-11-10,10,11,2022,4,Thursday
1046,2022-11-11,11,11,2022,4,Friday
1047,2022-11-12,12,11,2022,4,Saturday
1048,2022-11-13,13,11,2022,4,Sunday
1049,2022-11-14,14,11,2022,4,Monday
1050,2022-11-15,15,11,2022,4,Tuesday
1051,2022-11-16,16,11,2022,4,Wednesday
1052,2022-11-17,17,11,2022,4,Thursday
1053,2022-11-18,18,11,2022,4,Friday
1054,2022-11-19,19,11,2022,4,Saturday
1055,2022-11-20,20,11,2022,4,Sunday
1056,2022-11-21,21,11,2022,4,Monday
1057,2022-11-22,22,11,2022,4,Tuesday
1058,2022-11-23,23,11,2022,4,Wednesday
1059,2022-11-24,24,11,2022,4,Thursday
1060,2022-11-25,25,11,2022,4,Friday
1061,2022-11-26,26,11,2022,4,Saturday
1062,2022-11-27,27,11,2022,4,Sunday
1063,2022-11-28,28,11,2022,4,Monday
1064,2022-11-29,29,11,2022,4,Tuesday
1065,2022-11-30,30,11,2022,4,Wednesday
1066,2022-12-01,1,12,2022,4,Thursday
1067,2022-12-02,2,12,2022,4,Friday
1068,2022-12-03,3,12,2022,4,Saturday
1069,2022-12-04,4,12,2022,4,Sunday
1070,2022-12-05,5,12,2022,4,Monday
1071,2022-12-06,6,12,2022,4,Tuesday
1072,2022-12-07,7,12,2022,4,Wednesday
1073,2022-12-08,8,12,2022,4,Thursday
1074,2022-12-09,9,12,2022,4,Friday
1075,2022-12-10,10,12,2022,4,Saturday
1076,2022-12-11,11,12,2022,4,Sunday
1077,2022-12-12,12,12,2022,4,Monday
1078,2022-12-13,13,12,2022,4,Tuesday
1079,2022-12-14,14,12,2022,4,Wednesday
1080,2022-12-15,15,12,2022,4,Thursday
1081,2022-12-16,16,12,2022,4,Friday
1082,2022-12-17,17,12,2022,4,Saturday
1083,2022-12-18,18,12,2022,4,Sunday
1084,2022-12-19,19,12,2022,4,Monday
1085,2022-12-20,20,12,2022,4,Tuesday
1086,2022-12-21,21,12,2022,4,Wednesday
1087,2022-12-22,22,12,2022,4,Thursday
1088,2022-12-23,23,12,2022,4,Friday
1089,2022-12-24,24,12,2022,4,Saturday
1090,2022-12-25,25,12,2022,4,Sunday
1091,2022-12-26,26,12,2022,4,Monday
1092,2022-12-27,27,12,2022,4,Tuesday
1093,2022-12-28,28,12,2022,4,Wednesday
1094,2022-12-29,29,12,2022,4,Thursday
1095,2022-12-30,30,12,2022,4,Friday
1096,2022-12-31,31,12,2022,4,Saturday
1097,2023-01-01,1,1,2023,1,Sunday
1098,2023-01-02,2,1,2023,1,Monday
1099,2023-01-03,3,1,2023,1,Tuesday
1100,2023-01-04,4,1,2023,1,Wednesday
1101,2023-01-05,5,1,2023,1,Thursday
1102,2023-01-06,6,1,2023,1,Friday
1103,2023-01-07,7,1,2023,1,Saturday
1104,2023-01-08,8,1,2023,1,Sunday
1105,2023-01-09,9,1,2023,1,Monday
1106,2023-01-10,10,1,2023,1,Tuesday
1107,2023-01-11,11,1,2023,1,Wednesday
1108,2023-01-12,12,1,2023,1,Thursday
1109,2023-01-13,13,1,2023,1,Friday
1110,2023-01-14,14,1,2023,1,Saturday
1111,2023-01-15,15,1,2023,1,Sunday
1112,2023-01-16,16,1,2023,1,Monday
1113,2023-01-17,17,1,2023,1,Tuesday
1114,2023-01-18,18,1,2023,1,Wednesday
1115,2023-01-19,19,1,2023,1,Thursday
1116,2023-01-20,20,1,2023,1,Friday
1117,2023-01-21,21,1,2023,1,Saturday
1118,2023-01-22,22,1,2023,1,Sunday
1119,2023-01-23,23,1,2023,1,Monday
1120,2023-01-24,24,1,2023,1,Tuesday
1121,2023-01-25,25,1,2023,1,Wednesday
1122,2023-01-26,26,1,2023,1,Thursday
1123,2023-01-27,27,1,2023,1,Friday
1124,2023-01-28,28,1,2023,1,Saturday
1125,2023-01-29,29,1,2023,1,Sunday
1126,2023-01-30,30,1,2023,1,Monday
1127,2023-01-31,31,1,2023,1,Tuesday
1128,2023-02-01,1,2,2023,1,Wednesday
1129,2023-02-02,2,2,2023,1,Thursday
1130,2023-02-03,3,2,2023,1,Friday
1131,2023-02-04,4,2,2023,1,Saturday
1132,2023-02-05,5,2,2023,1,Sunday
1133,2023-02-06,6,2,2023,1,Monday
1134,2023-02-07,7,2,2023,1,Tuesday
1135,2023-02-08,8,2,2023,1,Wednesday
1136,2023-02-09,9,2,2023,1,Thursday
1137,2023-02-10,10,2,2023,1,Friday
1138,2023-02-11,11,2,2023,1,Saturday
1139,2023-02-12,12,2,2023,1,Sunday
1140,2023-02-13,13,2,2023,1,Monday
1141,2023-02-14,14,2,2023,1,Tuesday
1142,2023-02-15,15,2,2023,1,Wednesday
1143,2023-02-16,16,2,2023,1,Thursday
1144,2023-02-17,17,2,2023,1,Friday
1145,2023-02-18,18,2,2023,1,Saturday
1146,2023-02-19,19,2,2023,1,Sunday
1147,2023-02-20,20,2,2023,1,Monday
1148,2023-02-21,21,2,2023,1,Tuesday
1149,2023-02-22,22,2,2023,1,Wednesday
1150,2023-02-23,23,2,2023,1,Thursday
1151,2023-02-24,24,2,2023,1,Friday
1152,2023-02-25,25,2,2023,1,Saturday
1153,2023-02-26,26,2,2023,1,Sunday
1154,2023-02-27,27,2,2023,1,Monday
1155,2023-02-28,28,2,2023,1,Tuesday
1156,2023-03-01,1,3,2023,1,Wednesday
1157,2023-03-02,2,3,2023,1,Thursday
1158,2023-03-03,3,3,2023,1,Friday
1159,2023-03-04,4,3,2023,1,Saturday
1160,2023-03-05,5,3,2023,1,Sunday
1161,2023-03-06,6,3,2023,1,Monday
1162,2023-03-07,7,3,2023,1,Tuesday
1163,2023-03-08,8,3,2023,1,Wednesday
1164,2023-03-09,9,3,2023,1,Thursday
1165,2023-03-10,10,3,2023,1,Friday
1166,2023-03-11,11,3,2023,1,Saturday
1167,2023-03-12,12,3,2023,1,Sunday
1168,2023-03-13,13,3,2023,1,Monday
1169,2023-03-14,14,3,2023,1,Tuesday
1170,2023-03-15,15,3,2023,1,Wednesday
1171,2023-03-16,16,3,2023,1,Thursday
1172,2023-03-17,17,3,2023,1,Friday
1173,2023-03-18,18,3,2023,1,Saturday
1174,2023-03-19,19,3,2023,1,Sunday
1175,2023-03-20,20,3,2023,1,Monday
1176,2023-03-21,21,3,2023,1,Tuesday
1177,2023-03-22,22,3,2023,1,Wednesday
1178,2023-03-23,23,3,2023,1,Thursday
1179,2023-03-24,24,3,2023,1,Friday
1180,2023-03-25,25,3,2023,1,Saturday
1181,2023-03-26,26,3,2023,1,Sunday
1182,2023-03-27,27,3,2023,1,Monday
1183,2023-03-28,28,3,2023,1,Tuesday
1184,2023-03-29,29,3,2023,1,Wednesday
1185,2023-03-30,30,3,2023,1,Thursday
1186,2023-03-31,31,3,2023,1,Friday
1187,2023-04-01,1,4,2023,2,Saturday
1188,2023-04-02,2,4,2023,2,Sunday
1189,2023-04-03,3,4,2023,2,Monday
1190,2023-04-04,4,4,2023,2,Tuesday
1191,2023-04-05,5,4,2023,2,Wednesday
1192,2023-04-06,6,4,2023,2,Thursday
1193,2023-04-07,7,4,2023,2,Friday
1194,2023-04-08,8,4,2023,2,Saturday
1195,2023-04-09,9,4,2023,2,Sunday
1196,2023-04-10,10,4,2023,2,Monday
1197,2023-04-11,11,4,2023,2,Tuesday
1198,2023-04-12,12,4,2023,2,Wednesday
1199,2023-04-13,13,4,2023,2,Thursday
1200,2023-04-14,14,4,2023,2,Friday
1201,2023-04-15,15,4,2023,2,Saturday
1202,2023-04-16,16,4,2023,2,Sunday
1203,2023-04-17,17,4,2023,2,Monday
1204,2023-04-18,18,4,2023,2,Tuesday
1205,2023-04-19,19,4,2023,2,Wednesday
1206,2023-04-20,20,4,2023,2,Thursday
1207,2023-04-21,21,4,2023,2,Friday
1208,2023-04-22,22,4,2023,2,Saturday
1209,2023-04-23,23,4,2023,2,Sunday
1210,2023-04-24,24,4,2023,2,Monday
1211,2023-04-25,25,4,2023,2,Tuesday
1212,2023-04-26,26,4,2023,2,Wednesday
1213,2023-04-27,27,4,2023,2,Thursday
1214,2023-04-28,28,4,2023,2,Friday
1215,2023-04-29,29,4,2023,2,Saturday
1216,2023-04-30,30,4,2023,2,Sunday
1217,2023-05-01,1,5,2023,2,Monday
1218,2023-05-02,2,5,2023,2,Tuesday
1219,2023-05-03,3,5,2023,2,Wednesday
1220,2023-05-04,4,5,2023,2,Thursday
1221,2023-05-05,5,5,2023,2,Friday
1222,2023-05-06,6,5,2023,2,Saturday
1223,2023-05-07,7,5,2023,2,Sunday
1224,2023-05-08,8,5,2023,2,Monday
1225,2023-05-09,9,5,2023,2,Tuesday
1226,2023-05-10,10,5,2023,2,Wednesday
1227,2023-05-11,11,5,2023,2,Thursday
1228,2023-05-12,12,5,2023,2,Friday
1229,2023-05-13,13,5,2023,2,Saturday
1230,2023-05-14,14,5,2023,2,Sunday
1231,2023-05-15,15,5,2023,2,Monday
1232,2023-05-16,16,5,2023,2,Tuesday
1233,2023-05-17,17,5,2023,2,Wednesday
1234,2023-05-18,18,5,2023,2,Thursday
1235,2023-05-19,19,5,2023,2,Friday
1236,2023-05-20,20,5,2023,2,Saturday
1237,2023-05-21,21,5,2023,2,Sunday
1238,2023-05-22,22,5,2023,2,Monday
1239,2023-05-23,23,5,2023,2,Tuesday
1240,2023-05-24,24,5,2023,2,Wednesday
1241,2023-05-25,25,5,2023,2,Thursday
1242,2023-05-26,26,5,2023,2,Friday
1243,2023-05-27,27,5,2023,2,Saturday
1244,2023-05-28,28,5,2023,2,Sunday
1245,2023-05-29,29,5,2023,2,Monday
1246,2023-05-30,30,5,2023,2,Tuesday
1247,2023-05-31,31,5,2023,2,Wednesday
1248,2023-06-01,1,6,2023,2,Thursday
1249,2023-06-02,2,6,2023,2,Friday
1250,2023-06-03,3,6,2023,2,Saturday
1251,2023-06-04,4,6,2023,2,Sunday
1252,2023-06-05,5,6,2023,2,Monday
1253,2023-06-06,6,6,2023,2,Tuesday
1254,2023-06-07,7,6,2023,2,Wednesday
1255,2023-06-08,8,6,2023,2,Thursday
1256,2023-06-09,9,6,2023,2,Friday
1257,2023-06-10,10,6,2023,2,Saturday
1258,2023-06-11,11,6,2023,2,Sunday
1259,2023-06-12,12,6,2023,2,Monday
1260,2023-06-13,13,6,2023,2,Tuesday
1261,2023-06-14,14,6,2023,2,Wednesday
1262,2023-06-15,15,6,2023,2,Thursday
1263,2023-06-16,16,6,2023,2,Friday
1264,2023-06-17,17,6,2023,2,Saturday
1265,2023-06-18,18,6,2023,2,Sunday
1266,2023-06-19,19,6,2023,2,Monday
1267,2023-06-20,20,6,2023,2,Tuesday
1268,2023-06-21,21,6,2023,2,Wednesday
1269,2023-06-22,22,6,2023,2,Thursday
1270,2023-06-23,23,6,2023,2,Friday
1271,2023-06-24,24,6,2023,2,Saturday
1272,2023-06-25,25,6,2023,2,Sunday
1273,2023-06-26,26,6,2023,2,Monday
1274,2023-06-27,27,6,2023,2,Tuesday
1275,2023-06-28,28,6,2023,2,Wednesday
1276,2023-06-29,29,6,2023,2,Thursday
1277,2023-06-30,30,6,2023,2,Friday
1278,2023-07-01,1,7,2023,3,Saturday
1279,2023-07-02,2,7,2023,3,Sunday
1280,2023-07-03,3,7,2023,3,Monday
1281,2023-07-04,4,7,2023,3,Tuesday
1282,2023-07-05,5,7,2023,3,Wednesday
1283,2023-07-06,6,7,2023,3,Thursday
1284,2023-07-07,7,7,2023,3,Friday
1285,2023-07-08,8,7,2023,3,Saturday
1286,2023-07-09,9,7,2023,3,Sunday
1287,2023-07-10,10,7,2023,3,Monday
1288,2023-07-11,11,7,2023,3,Tuesday
1289,2023-07-12,12,7,2023,3,Wednesday
1290,2023-07-13,13,7,2023,3,Thursday
1291,2023-07-14,14,7,2023,3,Friday
1292,2023-07-15,15,7,2023,3,Saturday
1293,2023-07-16,16,7,2023,3,Sunday
1294,2023-07-17,17,7,2023,3,Monday
1295,2023-07-18,18,7,2023,3,Tuesday
1296,2023-07-19,19,7,2023,3,Wednesday
1297,2023-07-20,20,7,2023,3,Thursday
1298,2023-07-21,21,7,2023,3,Friday
1299,2023-07-22,22,7,2023,3,Saturday
1300,2023-07-23,23,7,2023,3,Sunday
1301,2023-07-24,24,7,2023,3,Monday
1302,2023-07-25,25,7,2023,3,Tuesday
1303,2023-07-26,26,7,2023,3,Wednesday
1304,2023-07-27,27,7,2023,3,Thursday
1305,2023-07-28,28,7,2023,3,Friday
1306,2023-07-29,29,7,2023,3,Saturday
1307,2023-07-30,30,7,2023,3,Sunday
1308,2023-07-31,31,7,2023,3,Monday
1309,2023-08-01,1,8,2023,3,Tuesday
1310,2023-08-02,2,8,2023,3,Wednesday
1311,2023-08-03,3,8,2023,3,Thursday
1312,2023-08-04,4,8,2023,3,Friday
1313,2023-08-05,5,8,2023,3,Saturday
1314,2023-08-06,6,8,2023,3,Sunday
1315,2023-08-07,7,8,2023,3,Monday
1316,2023-08-08,8,8,2023,3,Tuesday
1317,2023-08-09,9,8,2023,3,Wednesday
1318,2023-08-10,10,8,2023,3,Thursday
1319,2023-08-11,11,8,2023,3,Friday
1320,2023-08-12,12,8,2023,3,Saturday
1321,2023-08-13,13,8,2023,3,Sunday
1322,2023-08-14,14,8,2023,3,Monday
1323,2023-08-15,15,8,2023,3,Tuesday
1324,2023-08-16,16,8,2023,3,Wednesday
1325,2023-08-17,17,8,2023,3,Thursday
1326,2023-08-18,18,8,2023,3,Friday
1327,2023-08-19,19,8,2023,3,Saturday
1328,2023-08-20,20,8,2023,3,Sunday
1329,2023-08-21,21,8,2023,3,Monday
1330,2023-08-22,22,8,2023,3,Tuesday
1331,2023-08-23,23,8,2023,3,Wednesday
1332,2023-08-24,24,8,2023,3,Thursday
1333,2023-08-25,25,8,2023,3,Friday
1334,2023-08-26,26,8,2023,3,Saturday
1335,2023-08-27,27,8,2023,3,Sunday
1336,2023-08-28,28,8,2023,3,Monday
1337,2023-08-29,29,8,2023,3,Tuesday
1338,2023-08-30,30,8,2023,3,Wednesday
1339,2023-08-31,31,8,2023,3,Thursday
1340,2023-09-01,1,9,2023,3,Friday
1341,2023-09-02,2,9,2023,3,Saturday
1342,2023-09-03,3,9,2023,3,Sunday
1343,2023-09-04,4,9,2023,3,Monday
1344,2023-09-05,5,9,2023,3,Tuesday
1345,2023-09-06,6,9,2023,3,Wednesday
1346,2023-09-07,7,9,2023,3,Thursday
1347,2023-09-08,8,9,2023,3,Friday
1348,2023-09-09,9,9,2023,3,Saturday
1349,2023-09-10,10,9,2023,3,Sunday
1350,2023-09-11,11,9,2023,3,Monday
1351,2023-09-12,12,9,2023,3,Tuesday
1352,2023-09-13,13,9,2023,3,Wednesday
1353,2023-09-14,14,9,2023,3,Thursday
1354,2023-09-15,15,9,2023,3,Friday
1355,2023-09-16,16,9,2023,3,Saturday
1356,2023-09-17,17,9,2023,3,Sunday
1357,2023-09-18,18,9,2023,3,Monday
1358,2023-09-19,19,9,2023,3,Tuesday
1359,2023-09-20,20,9,2023,3,Wednesday
1360,2023-09-21,21,9,2023,3,Thursday
1361,2023-09-22,22,9,2023,3,Friday
1362,2023-09-23,23,9,2023,3,Saturday
1363,2023-09-24,24,9,2023,3,Sunday
1364,2023-09-25,25,9,2023,3,Monday
1365,2023-09-26,26,9,2023,3,Tuesday
1366,2023-09-27,27,9,2023,3,Wednesday
1367,2023-09-28,28,9,2023,3,Thursday
1368,2023-09-29,29,9,2023,3,Friday
1369,2023-09-30,30,9,2023,3,Saturday
1370,2023-10-01,1,10,2023,4,Sunday
1371,2023-10-02,2,10,2023,4,Monday
1372,2023-10-03,3,10,2023,4,Tuesday
1373,2023-10-04,4,10,2023,4,Wednesday
1374,2023-10-05,5,10,2023,4,Thursday
1375,2023-10-06,6,10,2023,4,Friday
1376,2023-10-07,7,10,2023,4,Saturday
1377,2023-10-08,8,10,2023,4,Sunday
1378,2023-10-09,9,10,2023,4,Monday
1379,2023-10-10,10,10,2023,4,Tuesday
1380,2023-10-11,11,10,2023,4,Wednesday
1381,2023-10-12,12,10,2023,4,Thursday
1382,2023-10-13,13,10,2023,4,Friday
1383,2023-10-14,14,10,2023,4,Saturday
1384,2023-10-15,15,10,2023,4,Sunday
1385,2023-10-16,16,10,2023,4,Monday
1386,2023-10-17,17,10,2023,4,Tuesday
1387,2023-10-18,18,10,2023,4,Wednesday
1388,2023-10-19,19,10,2023,4,Thursday
1389,2023-10-20,20,10,2023,4,Friday
1390,2023-10-21,21,10,2023,4,Saturday
1391,2023-10-22,22,10,2023,4,Sunday
1392,2023-10-23,23,10,2023,4,Monday
1393,2023-10-24,24,10,2023,4,Tuesday
1394,2023-10-25,25,10,2023,4,Wednesday
1395,2023-10-26,26,10,2023,4,Thursday
1396,2023-10-27,27,10,2023,4,Friday
1397,2023-10-28,28,10,2023,4,Saturday
1398,2023-10-29,29,10,2023,4,Sunday
1399,2023-10-30,30,10,2023,4,Monday
1400,2023-10-31,31,10,2023,4,Tuesday
1401,2023-11-01,1,11,2023,4,Wednesday
1402,2023-11-02,2,11,2023,4,Thursday
1403,2023-11-03,3,11,2023,4,Friday
1404,2023-11-04,4,11,2023,4,Saturday
1405,2023-11-05,5,11,2023,4,Sunday
1406,2023-11-06,6,11,2023,4,Monday
1407,2023-11-07,7,11,2023,4,Tuesday
1408,2023-11-08,8,11,2023,4,Wednesday
1409,2023-11-09,9,11,2023,4,Thursday
1410,2023-11-10,10,11,2023,4,Friday
1411,2023-11-11,11,11,2023,4,Saturday
1412,2023-11-12,12,11,2023,4,Sunday
1413,2023-11-13,13,11,2023,4,Monday
1414,2023-11-14,14,11,2023,4,Tuesday
1415,2023-11-15,15,11,2023,4,Wednesday
1416,2023-11-16,16,11,2023,4,Thursday
1417,2023-11-17,17,11,2023,4,Friday
1418,2023-11-18,18,11,2023,4,Saturday
1419,2023-11-19,19,11,2023,4,Sunday
1420,2023-11-20,20,11,2023,4,Monday
1421,2023-11-21,21,11,2023,4,Tuesday
1422,2023-11-22,22,11,2023,4,Wednesday
1423,2023-11-23,23,11,2023,4,Thursday
1424,2023-11-24,24,11,2023,4,Friday
1425,2023-11-25,25,11,2023,4,Saturday
1426,2023-11-26,26,11,2023,4,Sunday
1427,2023-11-27,27,11,2023,4,Monday
1428,2023-11-28,28,11,2023,4,Tuesday
1429,2023-11-29,29,11,2023,4,Wednesday
1430,2023-11-30,30,11,2023,4,Thursday
1431,2023-12-01,1,12,2023,4,Friday
1432,2023-12-02,2,12,2023,4,Saturday
1433,2023-12-03,3,12,2023,4,Sunday
1434,2023-12-04,4,12,2023,4,Monday
1435,2023-12-05,5,12,2023,4,Tuesday
1436,2023-12-06,6,12,2023,4,Wednesday
1437,2023-12-07,7,12,2023,4,Thursday
1438,2023-12-08,8,12,2023,4,Friday
1439,2023-12-09,9,12,2023,4,Saturday
1440,2023-12-10,10,12,2023,4,Sunday
1441,2023-12-11,11,12,2023,4,Monday
1442,2023-12-12,12,12,2023,4,Tuesday
1443,2023-12-13,13,12,2023,4,Wednesday
1444,2023-12-14,14,12,2023,4,Thursday
1445,2023-12-15,15,12,2023,4,Friday
1446,2023-12-16,16,12,2023,4,Saturday
1447,2023-12-17,17,12,2023,4,Sunday
1448,2023-12-18,18,12,2023,4,Monday
1449,2023-12-19,19,12,2023,4,Tuesday
1450,2023-12-20,20,12,2023,4,Wednesday
1451,2023-12-21,21,12,2023,4,Thursday
1452,2023-12-22,22,12,2023,4,Friday
1453,2023-12-23,23,12,2023,4,Saturday
1454,2023-12-24,24,12,2023,4,Sunday
1455,2023-12-25,25,12,2023,4,Monday
1456,2023-12-26,26,12,2023,4,Tuesday
1457,2023-12-27,27,12,2023,4,Wednesday
1458,2023-12-28,28,12,2023,4,Thursday
1459,2023-12-29,29,12,2023,4,Friday
1460,2023-12-30,30,12,2023,4,Saturday
1461,2023-12-31,31,12,2023,4,Sunday
1462,2024-01-01,1,1,2024,1,Monday
1463,2024-01-02,2,1,2024,1,Tuesday
1464,2024-01-03,3,1,2024,1,Wednesday
1465,2024-01-04,4,1,2024,1,Thursday
1466,2024-01-05,5,1,2024,1,Friday
1467,2024-01-06,6,1,2024,1,Saturday
1468,2024-01-07,7,1,2024,1,Sunday
1469,2024-01-08,8,1,2024,1,Monday
1470,2024-01-09,9,1,2024,1,Tuesday
1471,2024-01-10,10,1,2024,1,Wednesday
1472,2024-01-11,11,1,2024,1,Thursday
1473,2024-01-12,12,1,2024,1,Friday
1474,2024-01-13,13,1,2024,1,Saturday
1475,2024-01-14,14,1,2024,1,Sunday
1476,2024-01-15,15,1,2024,1,Monday
1477,2024-01-16,16,1,2024,1,Tuesday
1478,2024-01-17,17,1,2024,1,Wednesday
1479,2024-01-18,18,1,2024,1,Thursday
1480,2024-01-19,19,1,2024,1,Friday
1481,2024-01-20,20,1,2024,1,Saturday
1482,2024-01-21,21,1,2024,1,Sunday
1483,2024-01-22,22,1,2024,1,Monday
1484,2024-01-23,23,1,2024,1,Tuesday
1485,2024-01-24,24,1,2024,1,Wednesday
1486,2024-01-25,25,1,2024,1,Thursday
1487,2024-01-26,26,1,2024,1,Friday
1488,2024-01-27,27,1,2024,1,Saturday
1489,2024-01-28,28,1,2024,1,Sunday
1490,2024-01-29,29,1,2024,1,Monday
1491,2024-01-30,30,1,2024,1,Tuesday
1492,2024-01-31,31,1,2024,1,Wednesday
1493,2024-02-01,1,2,2024,1,Thursday
1494,2024-02-02,2,2,2024,1,Friday
1495,2024-02-03,3,2,2024,1,Saturday
1496,2024-02-04,4,2,2024,1,Sunday
1497,2024-02-05,5,2,2024,1,Monday
1498,2024-02-06,6,2,2024,1,Tuesday
1499,2024-02-07,7,2,2024,1,Wednesday
1500,2024-02-08,8,2,2024,1,Thursday
1501,2024-02-09,9,2,2024,1,Friday
1502,2024-02-10,10,2,2024,1,Saturday
1503,2024-02-11,11,2,2024,1,Sunday
1504,2024-02-12,12,2,2024,1,Monday
1505,2024-02-13,13,2,2024,1,Tuesday
1506,2024-02-14,14,2,2024,1,Wednesday
1507,2024-02-15,15,2,2024,1,Thursday
1508,2024-02-16,16,2,2024,1,Friday
1509,2024-02-17,17,2,2024,1,Saturday
1510,2024-02-18,18,2,2024,1,Sunday
1511,2024-02-19,19,2,2024,1,Monday
1512,2024-02-20,20,2,2024,1,Tuesday
1513,2024-02-21,21,2,2024,1,Wednesday
1514,2024-02-22,22,2,2024,1,Thursday
1515,2024-02-23,23,2,2024,1,Friday
1516,2024-02-24,24,2,2024,1,Saturday
1517,2024-02-25,25,2,2024,1,Sunday
1518,2024-02-26,26,2,2024,1,Monday
1519,2024-02-27,27,2,2024,1,Tuesday
1520,2024-02-28,28,2,2024,1,Wednesday
1521,2024-02-29,29,2,2024,1,Thursday
1522,2024-03-01,1,3,2024,1,Friday
1523,2024-03-02,2,3,2024,1,Saturday
1524,2024-03-03,3,3,2024,1,Sunday
1525,2024-03-04,4,3,2024,1,Monday
1526,2024-03-05,5,3,2024,1,Tuesday
1527,2024-03-06,6,3,2024,1,Wednesday
1528,2024-03-07,7,3,2024,1,Thursday
1529,2024-03-08,8,3,2024,1,Friday
1530,2024-03-09,9,3,2024,1,Saturday
1531,2024-03-10,10,3,2024,1,Sunday
1532,2024-03-11,11,3,2024,1,Monday
1533,2024-03-12,12,3,2024,1,Tuesday
1534,2024-03-13,13,3,2024,1,Wednesday
1535,2024-03-14,14,3,2024,1,Thursday
1536,2024-03-15,15,3,2024,1,Friday
1537,2024-03-16,16,3,2024,1,Saturday
1538,2024-03-17,17,3,2024,1,Sunday
1539,2024-03-18,18,3,2024,1,Monday
1540,2024-03-19,19,3,2024,1,Tuesday
1541,2024-03-20,20,3,2024,1,Wednesday
1542,2024-03-21,21,3,2024,1,Thursday
1543,2024-03-22,22,3,2024,1,Friday
1544,2024-03-23,23,3,2024,1,Saturday
1545,2024-03-24,24,3,2024,1,Sunday
1546,2024-03-25,25,3,2024,1,Monday
1547,2024-03-26,26,3,2024,1,Tuesday
1548,2024-03-27,27,3,2024,1,Wednesday
1549,2024-03-28,28,3,2024,1,Thursday
1550,2024-03-29,29,3,2024,1,Friday
1551,2024-03-30,30,3,2024,1,Saturday
1552,2024-03-31,31,3,2024,1,Sunday
1553,2024-04-01,1,4,2024,2,Monday
1554,2024-04-02,2,4,2024,2,Tuesday
1555,2024-04-03,3,4,2024,2,Wednesday
1556,2024-04-04,4,4,2024,2,Thursday
1557,2024-04-05,5,4,2024,2,Friday
1558,2024-04-06,6,4,2024,2,Saturday
1559,2024-04-07,7,4,2024,2,Sunday
1560,2024-04-08,8,4,2024,2,Monday
1561,2024-04-09,9,4,2024,2,Tuesday
1562,2024-04-10,10,4,2024,2,Wednesday
1563,2024-04-11,11,4,2024,2,Thursday
1564,2024-04-12,12,4,2024,2,Friday
1565,2024-04-13,13,4,2024,2,Saturday
1566,2024-04-14,14,4,2024,2,Sunday
1567,2024-04-15,15,4,2024,2,Monday
1568,2024-04-16,16,4,2024,2,Tuesday
1569,2024-04-17,17,4,2024,2,Wednesday
1570,2024-04-18,18,4,2024,2,Thursday
1571,2024-04-19,19,4,2024,2,Friday
1572,2024-04-20,20,4,2024,2,Saturday
1573,2024-04-21,21,4,2024,2,Sunday
1574,2024-04-22,22,4,2024,2,Monday
1575,2024-04-23,23,4,2024,2,Tuesday
1576,2024-04-24,24,4,2024,2,Wednesday
1577,2024-04-25,25,4,2024,2,Thursday
1578,2024-04-26,26,4,2024,2,Friday
1579,2024-04-27,27,4,2024,2,Saturday
1580,2024-04-28,28,4,2024,2,Sunday
1581,2024-04-29,29,4,2024,2,Monday
1582,2024-04-30,30,4,2024,2,Tuesday
1583,2024-05-01,1,5,2024,2,Wednesday
1584,2024-05-02,2,5,2024,2,Thursday
1585,2024-05-03,3,5,2024,2,Friday
1586,2024-05-04,4,5,2024,2,Saturday
1587,2024-05-05,5,5,2024,2,Sunday
1588,2024-05-06,6,5,2024,2,Monday
1589,2024-05-07,7,5,2024,2,Tuesday
1590,2024-05-08,8,5,2024,2,Wednesday
1591,2024-05-09,9,5,2024,2,Thursday
1592,2024-05-10,10,5,2024,2,Friday
1593,2024-05-11,11,5,2024,2,Saturday
1594,2024-05-12,12,5,2024,2,Sunday
1595,2024-05-13,13,5,2024,2,Monday
1596,2024-05-14,14,5,2024,2,Tuesday
1597,2024-05-15,15,5,2024,2,Wednesday
1598,2024-05-16,16,5,2024,2,Thursday
1599,2024-05-17,17,5,2024,2,Friday
1600,2024-05-18,18,5,2024,2,Saturday
1601,2024-05-19,19,5,2024,2,Sunday
1602,2024-05-20,20,5,2024,2,Monday
1603,2024-05-21,21,5,2024,2,Tuesday
1604,2024-05-22,22,5,2024,2,Wednesday
1605,2024-05-23,23,5,2024,2,Thursday
1606,2024-05-24,24,5,2024,2,Friday
1607,2024-05-25,25,5,2024,2,Saturday
1608,2024-05-26,26,5,2024,2,Sunday
1609,2024-05-27,27,5,2024,2,Monday
1610,2024-05-28,28,5,2024,2,Tuesday
1611,2024-05-29,29,5,2024,2,Wednesday
1612,2024-05-30,30,5,2024,2,Thursday
1613,2024-05-31,31,5,2024,2,Friday
1614,2024-06-01,1,6,2024,2,Saturday
1615,2024-06-02,2,6,2024,2,Sunday
1616,2024-06-03,3,6,2024,2,Monday
1617,2024-06-04,4,6,2024,2,Tuesday
1618,2024-06-05,5,6,2024,2,Wednesday
1619,2024-06-06,6,6,2024,2,Thursday
1620,2024-06-07,7,6,2024,2,Friday
1621,2024-06-08,8,6,2024,2,Saturday
1622,2024-06-09,9,6,2024,2,Sunday
1623,2024-06-10,10,6,2024,2,Monday
1624,2024-06-11,11,6,2024,2,Tuesday
1625,2024-06-12,12,6,2024,2,Wednesday
1626,2024-06-13,13,6,2024,2,Thursday
1627,2024-06-14,14,6,2024,2,Friday
1628,2024-06-15,15,6,2024,2,Saturday
1629,2024-06-16,16,6,2024,2,Sunday
1630,2024-06-17,17,6,2024,2,Monday
1631,2024-06-18,18,6,2024,2,Tuesday
1632,2024-06-19,19,6,2024,2,Wednesday
1633,2024-06-20,20,6,2024,2,Thursday
1634,2024-06-21,21,6,2024,2,Friday
1635,2024-06-22,22,6,2024,2,Saturday
1636,2024-06-23,23,6,2024,2,Sunday
1637,2024-06-24,24,6,2024,2,Monday
1638,2024-06-25,25,6,2024,2,Tuesday
1639,2024-06-26,26,6,2024,2,Wednesday
1640,2024-06-27,27,6,2024,2,Thursday
1641,2024-06-28,28,6,2024,2,Friday
1642,2024-06-29,29,6,2024,2,Saturday
1643,2024-06-30,30,6,2024,2,Sunday
1644,2024-07-01,1,7,2024,3,Monday
1645,2024-07-02,2,7,2024,3,Tuesday
1646,2024-07-03,3,7,2024,3,Wednesday
1647,2024-07-04,4,7,2024,3,Thursday
1648,2024-07-05,5,7,2024,3,Friday
1649,2024-07-06,6,7,2024,3,Saturday
1650,2024-07-07,7,7,2024,3,Sunday
1651,2024-07-08,8,7,2024,3,Monday
1652,2024-07-09,9,7,2024,3,Tuesday
1653,2024-07-10,10,7,2024,3,Wednesday
1654,2024-07-11,11,7,2024,3,Thursday
1655,2024-07-12,12,7,2024,3,Friday
1656,2024-07-13,13,7,2024,3,Saturday
1657,2024-07-14,14,7,2024,3,Sunday
1658,2024-07-15,15,7,2024,3,Monday
1659,2024-07-16,16,7,2024,3,Tuesday
1660,2024-07-17,17,7,2024,3,Wednesday
1661,2024-07-18,18,7,2024,3,Thursday
1662,2024-07-19,19,7,2024,3,Friday
1663,2024-07-20,20,7,2024,3,Saturday
1664,2024-07-21,21,7,2024,3,Sunday
1665,2024-07-22,22,7,2024,3,Monday
1666,2024-07-23,23,7,2024,3,Tuesday
1667,2024-07-24,24,7,2024,3,Wednesday
1668,2024-07-25,25,7,2024,3,Thursday
1669,2024-07-26,26,7,2024,3,Friday
1670,2024-07-27,27,7,2024,3,Saturday
1671,2024-07-28,28,7,2024,3,Sunday
1672,2024-07-29,29,7,2024,3,Monday
1673,2024-07-30,30,7,2024,3,Tuesday
1674,2024-07-31,31,7,2024,3,Wednesday
1675,2024-08-01,1,8,2024,3,Thursday
1676,2024-08-02,2,8,2024,3,Friday
1677,2024-08-03,3,8,2024,3,Saturday
1678,2024-08-04,4,8,2024,3,Sunday
1679,2024-08-05,5,8,2024,3,Monday
1680,2024-08-06,6,8,2024,3,Tuesday
1681,2024-08-07,7,8,2024,3,Wednesday
1682,2024-08-08,8,8,2024,3,Thursday
1683,2024-08-09,9,8,2024,3,Friday
1684,2024-08-10,10,8,2024,3,Saturday
1685,2024-08-11,11,8,2024,3,Sunday
1686,2024-08-12,12,8,2024,3,Monday
1687,2024-08-13,13,8,2024,3,Tuesday
1688,2024-08-14,14,8,2024,3,Wednesday
1689,2024-08-15,15,8,2024,3,Thursday
1690,2024-08-16,16,8,2024,3,Friday
1691,2024-08-17,17,8,2024,3,Saturday
1692,2024-08-18,18,8,2024,3,Sunday
1693,2024-08-19,19,8,2024,3,Monday
1694,2024-08-20,20,8,2024,3,Tuesday
1695,2024-08-21,21,8,2024,3,Wednesday
1696,2024-08-22,22,8,2024,3,Thursday
1697,2024-08-23,23,8,2024,3,Friday
1698,2024-08-24,24,8,2024,3,Saturday
1699,2024-08-25,25,8,2024,3,Sunday
1700,2024-08-26,26,8,2024,3,Monday
1701,2024-08-27,27,8,2024,3,Tuesday
1702,2024-08-28,28,8,2024,3,Wednesday
1703,2024-08-29,29,8,2024,3,Thursday
1704,2024-08-30,30,8,2024,3,Friday
1705,2024-08-31,31,8,2024,3,Saturday
1706,2024-09-01,1,9,2024,3,Sunday
1707,2024-09-02,2,9,2024,3,Monday
1708,2024-09-03,3,9,2024,3,Tuesday
1709,2024-09-04,4,9,2024,3,Wednesday
1710,2024-09-05,5,9,2024,3,Thursday
1711,2024-09-06,6,9,2024,3,Friday
1712,2024-09-07,7,9,2024,3,Saturday
1713,2024-09-08,8,9,2024,3,Sunday
1714,2024-09-09,9,9,2024,3,Monday
1715,2024-09-10,10,9,2024,3,Tuesday
1716,2024-09-11,11,9,2024,3,Wednesday
1717,2024-09-12,12,9,2024,3,Thursday
1718,2024-09-13,13,9,2024,3,Friday
1719,2024-09-14,14,9,2024,3,Saturday
1720,2024-09-15,15,9,2024,3,Sunday
1721,2024-09-16,16,9,2024,3,Monday
1722,2024-09-17,17,9,2024,3,Tuesday
1723,2024-09-18,18,9,2024,3,Wednesday
1724,2024-09-19,19,9,2024,3,Thursday
1725,2024-09-20,20,9,2024,3,Friday
1726,2024-09-21,21,9,2024,3,Saturday
1727,2024-09-22,22,9,2024,3,Sunday
1728,2024-09-23,23,9,2024,3,Monday
1729,2024-09-24,24,9,2024,3,Tuesday
1730,2024-09-25,25,9,2024,3,Wednesday
1731,2024-09-26,26,9,2024,3,Thursday
1732,2024-09-27,27,9,2024,3,Friday
1733,2024-09-28,28,9,2024,3,Saturday
1734,2024-09-29,29,9,2024,3,Sunday
1735,2024-09-30,30,9,2024,3,Monday
1736,2024-10-01,1,10,2024,4,Tuesday
1737,2024-10-02,2,10,2024,4,Wednesday
1738,2024-10-03,3,10,2024,4,Thursday
1739,2024-10-04,4,10,2024,4,Friday
1740,2024-10-05,5,10,2024,4,Saturday
1741,2024-10-06,6,10,2024,4,Sunday
1742,2024-10-07,7,10,2024,4,Monday
1743,2024-10-08,8,10,2024,4,Tuesday
1744,2024-10-09,9,10,2024,4,Wednesday
1745,2024-10-10,10,10,2024,4,Thursday
1746,2024-10-11,11,10,2024,4,Friday
1747,2024-10-12,12,10,2024,4,Saturday
1748,2024-10-13,13,10,2024,4,Sunday
1749,2024-10-14,14,10,2024,4,Monday
1750,2024-10-15,15,10,2024,4,Tuesday
1751,2024-10-16,16,10,2024,4,Wednesday
1752,2024-10-17,17,10,2024,4,Thursday
1753,2024-10-18,18,10,2024,4,Friday
1754,2024-10-19,19,10,2024,4,Saturday
1755,2024-10-20,20,10,2024,4,Sunday
1756,2024-10-21,21,10,2024,4,Monday
1757,2024-10-22,22,10,2024,4,Tuesday
1758,2024-10-23,23,10,2024,4,Wednesday
1759,2024-10-24,24,10,2024,4,Thursday
1760,2024-10-25,25,10,2024,4,Friday
1761,2024-10-26,26,10,2024,4,Saturday
1762,2024-10-27,27,10,2024,4,Sunday
1763,2024-10-28,28,10,2024,4,Monday
1764,2024-10-29,29,10,2024,4,Tuesday
1765,2024-10-30,30,10,2024,4,Wednesday
1766,2024-10-31,31,10,2024,4,Thursday
1767,2024-11-01,1,11,2024,4,Friday
1768,2024-11-02,2,11,2024,4,Saturday
1769,2024-11-03,3,11,2024,4,Sunday
1770,2024-11-04,4,11,2024,4,Monday
1771,2024-11-05,5,11,2024,4,Tuesday
1772,2024-11-06,6,11,2024,4,Wednesday
1773,2024-11-07,7,11,2024,4,Thursday
1774,2024-11-08,8,11,2024,4,Friday
1775,2024-11-09,9,11,2024,4,Saturday
1776,2024-11-10,10,11,2024,4,Sunday
1777,2024-11-11,11,11,2024,4,Monday
1778,2024-11-12,12,11,2024,4,Tuesday
1779,2024-11-13,13,11,2024,4,Wednesday
1780,2024-11-14,14,11,2024,4,Thursday
1781,2024-11-15,15,11,2024,4,Friday
1782,2024-11-16,16,11,2024,4,Saturday
1783,2024-11-17,17,11,2024,4,Sunday
1784,2024-11-18,18,11,2024,4,Monday
1785,2024-11-19,19,11,2024,4,Tuesday
1786,2024-11-20,20,11,2024,4,Wednesday
1787,2024-11-21,21,11,2024,4,Thursday
1788,2024-11-22,22,11,2024,4,Friday
1789,2024-11-23,23,11,2024,4,Saturday
1790,2024-11-24,24,11,2024,4,Sunday
1791,2024-11-25,25,11,2024,4,Monday
1792,2024-11-26,26,11,2024,4,Tuesday
1793,2024-11-27,27,11,2024,4,Wednesday
1794,2024-11-28,28,11,2024,4,Thursday
1795,2024-11-29,29,11,2024,4,Friday
1796,2024-11-30,30,11,2024,4,Saturday
1797,2024-12-01,1,12,2024,4,Sunday
1798,2024-12-02,2,12,2024,4,Monday
1799,2024-12-03,3,12,2024,4,Tuesday
1800,2024-12-04,4,12,2024,4,Wednesday
1801,2024-12-05,5,12,2024,4,Thursday
1802,2024-12-06,6,12,2024,4,Friday
1803,2024-12-07,7,12,2024,4,Saturday
1804,2024-12-08,8,12,2024,4,Sunday
1805,2024-12-09,9,12,2024,4,Monday
1806,2024-12-10,10,12,2024,4,Tuesday
1807,2024-12-11,11,12,2024,4,Wednesday
1808,2024-12-12,12,12,2024,4,Thursday
1809,2024-12-13,13,12,2024,4,Friday
1810,2024-12-14,14,12,2024,4,Saturday
1811,2024-12-15,15,12,2024,4,Sunday
1812,2024-12-16,16,12,2024,4,Monday
1813,2024-12-17,17,12,2024,4,Tuesday
1814,2024-12-18,18,12,2024,4,Wednesday
1815,2024-12-19,19,12,2024,4,Thursday
1816,2024-12-20,20,12,2024,4,Friday
1817,2024-12-21,21,12,2024,4,Saturday
1818,2024-12-22,22,12,2024,4,Sunday
1819,2024-12-23,23,12,2024,4,Monday
1820,2024-12-24,24,12,2024,4,Tuesday
1821,2024-12-25,25,12,2024,4,Wednesday
1822,2024-12-26,26,12,2024,4,Thursday
1823,2024-12-27,27,12,2024,4,Friday
1824,2024-12-28,28,12,2024,4,Saturday
1825,2024-12-29,29,12,2024,4,Sunday
1826,2024-12-30,30,12,2024,4,Monday
1827,2024-12-31,31,12,2024,4,Tuesday
1828,2025-01-01,1,1,2025,1,Wednesday
1829,2025-01-02,2,1,2025,1,Thursday
1830,2025-01-03,3,1,2025,1,Friday
1831,2025-01-04,4,1,2025,1,Saturday
1832,2025-01-05,5,1,2025,1,Sunday
1833,2025-01-06,6,1,2025,1,Monday
1834,2025-01-07,7,1,2025,1,Tuesday
1835,2025-01-08,8,1,2025,1,Wednesday
1836,2025-01-09,9,1,2025,1,Thursday
1837,2025-01-10,10,1,2025,1,Friday
1838,2025-01-11,11,1,2025,1,Saturday
1839,2025-01-12,12,1,2025,1,Sunday
1840,2025-01-13,13,1,2025,1,Monday
1841,2025-01-14,14,1,2025,1,Tuesday
1842,2025-01-15,15,1,2025,1,Wednesday
1843,2025-01-16,16,1,2025,1,Thursday
1844,2025-01-17,17,1,2025,1,Friday
1845,2025-01-18,18,1,2025,1,Saturday
1846,2025-01-19,19,1,2025,1,Sunday
1847,2025-01-20,20,1,2025,1,Monday
1848,2025-01-21,21,1,2025,1,Tuesday
1849,2025-01-22,22,1,2025,1,Wednesday
1850,2025-01-23,23,1,2025,1,Thursday
1851,2025-01-24,24,1,2025,1,Friday
1852,2025-01-25,25,1,2025,1,Saturday
1853,2025-01-26,26,1,2025,1,Sunday
1854,2025-01-27,27,1,2025,1,Monday
1855,2025-01-28,28,1,2025,1,Tuesday
1856,2025-01-29,29,1,2025,1,Wednesday
1857,2025-01-30,30,1,2025,1,Thursday
1858,2025-01-31,31,1,2025,1,Friday
1859,2025-02-01,1,2,2025,1,Saturday
1860,2025-02-02,2,2,2025,1,Sunday
1861,2025-02-03,3,2,2025,1,Monday
1862,2025-02-04,4,2,2025,1,Tuesday
1863,2025-02-05,5,2,2025,1,Wednesday
1864,2025-02-06,6,2,2025,1,Thursday
1865,2025-02-07,7,2,2025,1,Friday
1866,2025-02-08,8,2,2025,1,Saturday
1867,2025-02-09,9,2,2025,1,Sunday
1868,2025-02-10,10,2,2025,1,Monday
1869,2025-02-11,11,2,2025,1,Tuesday
1870,2025-02-12,12,2,2025,1,Wednesday
1871,2025-02-13,13,2,2025,1,Thursday
1872,2025-02-14,14,2,2025,1,Friday
1873,2025-02-15,15,2,2025,1,Saturday
1874,2025-02-16,16,2,2025,1,Sunday
1875,2025-02-17,17,2,2025,1,Monday
1876,2025-02-18,18,2,2025,1,Tuesday
1877,2025-02-19,19,2,2025,1,Wednesday
1878,2025-02-20,20,2,2025,1,Thursday
1879,2025-02-21,21,2,2025,1,Friday
1880,2025-02-22,22,2,2025,1,Saturday
1881,2025-02-23,23,2,2025,1,Sunday
1882,2025-02-24,24,2,2025,1,Monday
1883,2025-02-25,25,2,2025,1,Tuesday
1884,2025-02-26,26,2,2025,1,Wednesday
1885,2025-02-27,27,2,2025,1,Thursday
1886,2025-02-28,28,2,2025,1,Friday
1887,2025-03-01,1,3,2025,1,Saturday
1888,2025-03-02,2,3,2025,1,Sunday
1889,2025-03-03,3,3,2025,1,Monday
1890,2025-03-04,4,3,2025,1,Tuesday
1891,2025-03-05,5,3,2025,1,Wednesday
1892,2025-03-06,6,3,2025,1,Thursday
1893,2025-03-07,7,3,2025,1,Friday
1894,2025-03-08,8,3,2025,1,Saturday
1895,2025-03-09,9,3,2025,1,Sunday
1896,2025-03-10,10,3,2025,1,Monday
1897,2025-03-11,11,3,2025,1,Tuesday
1898,2025-03-12,12,3,2025,1,Wednesday
1899,2025-03-13,13,3,2025,1,Thursday
1900,2025-03-14,14,3,2025,1,Friday
1901,2025-03-15,15,3,2025,1,Saturday
1902,2025-03-16,16,3,2025,1,Sunday
1903,2025-03-17,17,3,2025,1,Monday
1904,2025-03-18,18,3,2025,1,Tuesday
1905,2025-03-19,19,3,2025,1,Wednesday
1906,2025-03-20,20,3,2025,1,Thursday
1907,2025-03-21,21,3,2025,1,Friday
1908,2025-03-22,22,3,2025,1,Saturday
1909,2025-03-23,23,3,2025,1,Sunday
1910,2025-03-24,24,3,2025,1,Monday
1911,2025-03-25,25,3,2025,1,Tuesday
1912,2025-03-26,26,3,2025,1,Wednesday
1913,2025-03-27,27,3,2025,1,Thursday
1914,2025-03-28,28,3,2025,1,Friday
1915,2025-03-29,29,3,2025,1,Saturday
1916,2025-03-30,30,3,2025,1,Sunday
1917,2025-03-31,31,3,2025,1,Monday
1918,2025-04-01,1,4,2025,2,Tuesday
1919,2025-04-02,2,4,2025,2,Wednesday
1920,2025-04-03,3,4,2025,2,Thursday
1921,2025-04-04,4,4,2025,2,Friday
1922,2025-04-05,5,4,2025,2,Saturday
1923,2025-04-06,6,4,2025,2,Sunday
1924,2025-04-07,7,4,2025,2,Monday
1925,2025-04-08,8,4,2025,2,Tuesday
1926,2025-04-09,9,4,2025,2,Wednesday
1927,2025-04-10,10,4,2025,2,Thursday
1928,2025-04-11,11,4,2025,2,Friday
1929,2025-04-12,12,4,2025,2,Saturday
1930,2025-04-13,13,4,2025,2,Sunday
1931,2025-04-14,14,4,2025,2,Monday
1932,2025-04-15,15,4,2025,2,Tuesday
1933,2025-04-16,16,4,2025,2,Wednesday
1934,2025-04-17,17,4,2025,2,Thursday
1935,2025-04-18,18,4,2025,2,Friday
1936,2025-04-19,19,4,2025,2,Saturday
1937,2025-04-20,20,4,2025,2,Sunday
1938,2025-04-21,21,4,2025,2,Monday
1939,2025-04-22,22,4,2025,2,Tuesday
1940,2025-04-23,23,4,2025,2,Wednesday
1941,2025-04-24,24,4,2025,2,Thursday
1942,2025-04-25,25,4,2025,2,Friday
1943,2025-04-26,26,4,2025,2,Saturday
1944,2025-04-27,27,4,2025,2,Sunday
1945,2025-04-28,28,4,2025,2,Monday
1946,2025-04-29,29,4,2025,2,Tuesday
1947,2025-04-30,30,4,2025,2,Wednesday
1948,2025-05-01,1,5,2025,2,Thursday
1949,2025-05-02,2,5,2025,2,Friday
1950,2025-05-03,3,5,2025,2,Saturday
1951,2025-05-04,4,5,2025,2,Sunday
1952,2025-05-05,5,5,2025,2,Monday
1953,2025-05-06,6,5,2025,2,Tuesday
1954,2025-05-07,7,5,2025,2,Wednesday
1955,2025-05-08,8,5,2025,2,Thursday
1956,2025-05-09,9,5,2025,2,Friday
1957,2025-05-10,10,5,2025,2,Saturday
1958,2025-05-11,11,5,2025,2,Sunday
1959,2025-05-12,12,5,2025,2,Monday
1960,2025-05-13,13,5,2025,2,Tuesday
1961,2025-05-14,14,5,2025,2,Wednesday
1962,2025-05-15,15,5,2025,2,Thursday
1963,2025-05-16,16,5,2025,2,Friday
1964,2025-05-17,17,5,2025,2,Saturday
1965,2025-05-18,18,5,2025,2,Sunday
1966,2025-05-19,19,5,2025,2,Monday
1967,2025-05-20,20,5,2025,2,Tuesday
1968,2025-05-21,21,5,2025,2,Wednesday
1969,2025-05-22,22,5,2025,2,Thursday
1970,2025-05-23,23,5,2025,2,Friday
1971,2025-05-24,24,5,2025,2,Saturday
1972,2025-05-25,25,5,2025,2,Sunday
1973,2025-05-26,26,5,2025,2,Monday
1974,2025-05-27,27,5,2025,2,Tuesday
1975,2025-05-28,28,5,2025,2,Wednesday
1976,2025-05-29,29,5,2025,2,Thursday
1977,2025-05-30,30,5,2025,2,Friday
1978,2025-05-31,31,5,2025,2,Saturday
1979,2025-06-01,1,6,2025,2,Sunday
1980,2025-06-02,2,6,2025,2,Monday
1981,2025-06-03,3,6,2025,2,Tuesday
1982,2025-06-04,4,6,2025,2,Wednesday
1983,2025-06-05,5,6,2025,2,Thursday
1984,2025-06-06,6,6,2025,2,Friday
1985,2025-06-07,7,6,2025,2,Saturday
1986,2025-06-08,8,6,2025,2,Sunday
1987,2025-06-09,9,6,2025,2,Monday
1988,2025-06-10,10,6,2025,2,Tuesday
1989,2025-06-11,11,6,2025,2,Wednesday
1990,2025-06-12,12,6,2025,2,Thursday
1991,2025-06-13,13,6,2025,2,Friday
1992,2025-06-14,14,6,2025,2,Saturday
1993,2025-06-15,15,6,2025,2,Sunday
1994,2025-06-16,16,6,2025,2,Monday
1995,2025-06-17,17,6,2025,2,Tuesday
1996,2025-06-18,18,6,2025,2,Wednesday
1997,2025-06-19,19,6,2025,2,Thursday
1998,2025-06-20,20,6,2025,2,Friday
1999,2025-06-21,21,6,2025,2,Saturday
2000,2025-06-22,22,6,2025,2,Sunday
2001,2025-06-23,23,6,2025,2,Monday
2002,2025-06-24,24,6,2025,2,Tuesday
2003,2025-06-25,25,6,2025,2,Wednesday
2004,2025-06-26,26,6,2025,2,Thursday
2005,2025-06-27,27,6,2025,2,Friday
2006,2025-06-28,28,6,2025,2,Saturday
2007,2025-06-29,29,6,2025,2,Sunday
2008,2025-06-30,30,6,2025,2,Monday
2009,2025-07-01,1,7,2025,3,Tuesday
2010,2025-07-02,2,7,2025,3,Wednesday
2011,2025-07-03,3,7,2025,3,Thursday
2012,2025-07-04,4,7,2025,3,Friday
2013,2025-07-05,5,7,2025,3,Saturday
2014,2025-07-06,6,7,2025,3,Sunday
2015,2025-07-07,7,7,2025,3,Monday
2016,2025-07-08,8,7,2025,3,Tuesday
2017,2025-07-09,9,7,2025,3,Wednesday
2018,2025-07-10,10,7,2025,3,Thursday
2019,2025-07-11,11,7,2025,3,Friday
2020,2025-07-12,12,7,2025,3,Saturday
2021,2025-07-13,13,7,2025,3,Sunday
2022,2025-07-14,14,7,2025,3,Monday
2023,2025-07-15,15,7,2025,3,Tuesday
2024,2025-07-16,16,7,2025,3,Wednesday
2025,2025-07-17,17,7,2025,3,Thursday
2026,2025-07-18,18,7,2025,3,Friday
2027,2025-07-19,19,7,2025,3,Saturday
2028,2025-07-20,20,7,2025,3,Sunday
2029,2025-07-21,21,7,2025,3,Monday
2030,2025-07-22,22,7,2025,3,Tuesday
2031,2025-07-23,23,7,2025,3,Wednesday
2032,2025-07-24,24,7,2025,3,Thursday
2033,2025-07-25,25,7,2025,3,Friday
2034,2025-07-26,26,7,2025,3,Saturday
2035,2025-07-27,27,7,2025,3,Sunday
2036,2025-07-28,28,7,2025,3,Monday
2037,2025-07-29,29,7,2025,3,Tuesday
2038,2025-07-30,30,7,2025,3,Wednesday
2039,2025-07-31,31,7,2025,3,Thursday
2040,2025-08-01,1,8,2025,3,Friday
2041,2025-08-02,2,8,2025,3,Saturday
2042,2025-08-03,3,8,2025,3,Sunday
2043,2025-08-04,4,8,2025,3,Monday
2044,2025-08-05,5,8,2025,3,Tuesday
2045,2025-08-06,6,8,2025,3,Wednesday
2046,2025-08-07,7,8,2025,3,Thursday
2047,2025-08-08,8,8,2025,3,Friday
2048,2025-08-09,9,8,2025,3,Saturday
2049,2025-08-10,10,8,2025,3,Sunday
2050,2025-08-11,11,8,2025,3,Monday
2051,2025-08-12,12,8,2025,3,Tuesday
2052,2025-08-13,13,8,2025,3,Wednesday
2053,2025-08-14,14,8,2025,3,Thursday
2054,2025-08-15,15,8,2025,3,Friday
2055,2025-08-16,16,8,2025,3,Saturday
2056,2025-08-17,17,8,2025,3,Sunday
2057,2025-08-18,18,8,2025,3,Monday
2058,2025-08-19,19,8,2025,3,Tuesday
2059,2025-08-20,20,8,2025,3,Wednesday
2060,2025-08-21,21,8,2025,3,Thursday
2061,2025-08-22,22,8,2025,3,Friday
2062,2025-08-23,23,8,2025,3,Saturday
2063,2025-08-24,24,8,2025,3,Sunday
2064,2025-08-25,25,8,2025,3,Monday
2065,2025-08-26,26,8,2025,3,Tuesday
2066,2025-08-27,27,8,2025,3,Wednesday
2067,2025-08-28,28,8,2025,3,Thursday
2068,2025-08-29,29,8,2025,3,Friday
2069,2025-08-30,30,8,2025,3,Saturday
2070,2025-08-31,31,8,2025,3,Sunday
2071,2025-09-01,1,9,2025,3,Monday
2072,2025-09-02,2,9,2025,3,Tuesday
2073,2025-09-03,3,9,2025,3,Wednesday
2074,2025-09-04,4,9,2025,3,Thursday
2075,2025-09-05,5,9,2025,3,Friday
2076,2025-09-06,6,9,2025,3,Saturday
2077,2025-09-07,7,9,2025,3,Sunday
2078,2025-09-08,8,9,2025,3,Monday
2079,2025-09-09,9,9,2025,3,Tuesday
2080,2025-09-10,10,9,2025,3,Wednesday
2081,2025-09-11,11,9,2025,3,Thursday
2082,2025-09-12,12,9,2025,3,Friday
2083,2025-09-13,13,9,2025,3,Saturday
2084,2025-09-14,14,9,2025,3,Sunday
2085,2025-09-15,15,9,2025,3,Monday
2086,2025-09-16,16,9,2025,3,Tuesday
2087,2025-09-17,17,9,2025,3,Wednesday
2088,2025-09-18,18,9,2025,3,Thursday
2089,2025-09-19,19,9,2025,3,Friday
2090,2025-09-20,20,9,2025,3,Saturday
2091,2025-09-21,21,9,2025,3,Sunday
2092,2025-09-22,22,9,2025,3,Monday
2093,2025-09-23,23,9,2025,3,Tuesday
2094,2025-09-24,24,9,2025,3,Wednesday
2095,2025-09-25,25,9,2025,3,Thursday
2096,2025-09-26,26,9,2025,3,Friday
2097,2025-09-27,27,9,2025,3,Saturday
2098,2025-09-28,28,9,2025,3,Sunday
2099,2025-09-29,29,9,2025,3,Monday
2100,2025-09-30,30,9,2025,3,Tuesday
2101,2025-10-01,1,10,2025,4,Wednesday
2102,2025-10-02,2,10,2025,4,Thursday
2103,2025-10-03,3,10,2025,4,Friday
2104,2025-10-04,4,10,2025,4,Saturday
2105,2025-10-05,5,10,2025,4,Sunday
2106,2025-10-06,6,10,2025,4,Monday
2107,2025-10-07,7,10,2025,4,Tuesday
2108,2025-10-08,8,10,2025,4,Wednesday
2109,2025-10-09,9,10,2025,4,Thursday
2110,2025-10-10,10,10,2025,4,Friday
2111,2025-10-11,11,10,2025,4,Saturday
2112,2025-10-12,12,10,2025,4,Sunday
2113,2025-10-13,13,10,2025,4,Monday
2114,2025-10-14,14,10,2025,4,Tuesday
2115,2025-10-15,15,10,2025,4,Wednesday
2116,2025-10-16,16,10,2025,4,Thursday
2117,2025-10-17,17,10,2025,4,Friday
2118,2025-10-18,18,10,2025,4,Saturday
2119,2025-10-19,19,10,2025,4,Sunday
2120,2025-10-20,20,10,2025,4,Monday
2121,2025-10-21,21,10,2025,4,Tuesday
2122,2025-10-22,22,10,2025,4,Wednesday
2123,2025-10-23,23,10,2025,4,Thursday
2124,2025-10-24,24,10,2025,4,Friday
2125,2025-10-25,25,10,2025,4,Saturday
2126,2025-10-26,26,10,2025,4,Sunday
2127,2025-10-27,27,10,2025,4,Monday
2128,2025-10-28,28,10,2025,4,Tuesday
2129,2025-10-29,29,10,2025,4,Wednesday
2130,2025-10-30,30,10,2025,4,Thursday
2131,2025-10-31,31,10,2025,4,Friday
2132,2025-11-01,1,11,2025,4,Saturday
2133,2025-11-02,2,11,2025,4,Sunday
2134,2025-11-03,3,11,2025,4,Monday
2135,2025-11-04,4,11,2025,4,Tuesday
2136,2025-11-05,5,11,2025,4,Wednesday
2137,2025-11-06,6,11,2025,4,Thursday
2138,2025-11-07,7,11,2025,4,Friday
2139,2025-11-08,8,11,2025,4,Saturday
2140,2025-11-09,9,11,2025,4,Sunday
2141,2025-11-10,10,11,2025,4,Monday
2142,2025-11-11,11,11,2025,4,Tuesday
2143,2025-11-12,12,11,2025,4,Wednesday
2144,2025-11-13,13,11,2025,4,Thursday
2145,2025-11-14,14,11,2025,4,Friday
2146,2025-11-15,15,11,2025,4,Saturday
2147,2025-11-16,16,11,2025,4,Sunday
2148,2025-11-17,17,11,2025,4,Monday
2149,2025-11-18,18,11,2025,4,Tuesday
2150,2025-11-19,19,11,2025,4,Wednesday
2151,2025-11-20,20,11,2025,4,Thursday
2152,2025-11-21,21,11,2025,4,Friday
2153,2025-11-22,22,11,2025,4,Saturday
2154,2025-11-23,23,11,2025,4,Sunday
2155,2025-11-24,24,11,2025,4,Monday
2156,2025-11-25,25,11,2025,4,Tuesday
2157,2025-11-26,26,11,2025,4,Wednesday
2158,2025-11-27,27,11,2025,4,Thursday
2159,2025-11-28,28,11,2025,4,Friday
2160,2025-11-29,29,11,2025,4,Saturday
2161,2025-11-30,30,11,2025,4,Sunday
2162,2025-12-01,1,12,2025,4,Monday
2163,2025-12-02,2,12,2025,4,Tuesday
2164,2025-12-03,3,12,2025,4,Wednesday
2165,2025-12-04,4,12,2025,4,Thursday
2166,2025-12-05,5,12,2025,4,Friday
2167,2025-12-06,6,12,2025,4,Saturday
2168,2025-12-07,7,12,2025,4,Sunday
2169,2025-12-08,8,12,2025,4,Monday
2170,2025-12-09,9,12,2025,4,Tuesday
2171,2025-12-10,10,12,2025,4,Wednesday
2172,2025-12-11,11,12,2025,4,Thursday
2173,2025-12-12,12,12,2025,4,Friday
2174,2025-12-13,13,12,2025,4,Saturday
2175,2025-12-14,14,12,2025,4,Sunday
2176,2025-12-15,15,12,2025,4,Monday
2177,2025-12-16,16,12,2025,4,Tuesday
2178,2025-12-17,17,12,2025,4,Wednesday
2179,2025-12-18,18,12,2025,4,Thursday
2180,2025-12-19,19,12,2025,4,Friday
2181,2025-12-20,20,12,2025,4,Saturday
2182,2025-12-21,21,12,2025,4,Sunday
2183,2025-12-22,22,12,2025,4,Monday
2184,2025-12-23,23,12,2025,4,Tuesday
2185,2025-12-24,24,12,2025,4,Wednesday
2186,2025-12-25,25,12,2025,4,Thursday
2187,2025-12-26,26,12,2025,4,Friday
2188,2025-12-27,27,12,2025,4,Saturday
2189,2025-12-28,28,12,2025,4,Sunday
2190,2025-12-29,29,12,2025,4,Monday
2191,2025-12-30,30,12,2025,4,Tuesday
2192,2025-12-31,31,12,2025,4,Wednesday